reservation_id,user_id,vendor_id,reason,vendor_response,status
86af725f-d78b-4902-b531-93ab850e9cce,3ee41da3-6dfe-4026-a1f2-05cee56f0964,1a07fa2b-b9e1-44cc-938c-88534eacef52,I collected my bundle but there were missing items.,"Unfortunately, we will not be able to refund this bundle. We know that all items were placed inside this bundle",DENIED
b06325f6-1873-48e5-a444-e93fd0017d8b,f8339917-d9f0-425e-8dbe-869a1a6539f5,22c4d814-1516-45f9-9354-3640c8e65f07,I collected my bundle but there were missing items.,"Unfortunately, we will not be able to refund this bundle. We know that all items were placed inside this bundle",DENIED
310a4d6b-848b-4780-b078-e0d2d9dd73b2,992b458c-c187-441d-b93b-3d281ae14218,0085a9a8-b124-44e7-8cb3-141046bc183e,I was spoken to rudely by a member of staff when collecting the bundle.,"Unfortunately, we will not be able to refund this bundle. We have spoken to the staff member you interacted with and they claim to not have been rude.",DENIED
c2f6ce9a-2b53-439f-ae75-557a2ceb3b33,f86ba3b1-2e91-4d30-b276-d93c964c2b69,1a07fa2b-b9e1-44cc-938c-88534eacef52,One of the items was already spoiled when I got home.,This is unacceptable. We are deeply sorry for this. We will refund you for this bundle.,APPROVED
c925457f-a0e5-4a62-b3ea-c8b5eba8adc8,c18602f5-5d9b-48e4-ba41-4772890c54ce,dfc9a97b-0ac4-43cf-9169-040389892f81,I arrived during the pickup window but the shop was already closed.,"Unfortunately, we will not be able to refund this bundle. We did not close early on this date.",DENIED
068c6de7-972a-46fb-ae37-72304fae2a85,020ac99d-e544-441e-aad5-91996c46de78,9ab7d98a-a260-46ec-8aab-d3235a493e22,I collected my bundle but there were missing items.,"Unfortunately, we will not be able to refund this bundle. We know that all items were placed inside this bundle",DENIED
d582b301-3ab6-422c-8366-5339676f99d0,cf7a3a74-21a0-4fdf-98ee-6e1f7cd96b70,224ac6b1-9c09-4247-bb31-1f3a65903eb3,I was spoken to rudely by a member of staff when collecting the bundle.,"Unfortunately, we will not be able to refund this bundle. We have spoken to the staff member you interacted with and they claim to not have been rude.",DENIED
8c12d506-a536-4d45-ab9f-8808b6cc4535,d6d4af38-d081-425b-ac0b-b615bd4fddc4,046a72cd-ba93-439a-9d76-80adb8250be0,I was spoken to rudely by a member of staff when collecting the bundle.,"Unfortunately, we will not be able to refund this bundle. We have spoken to the staff member you interacted with and they claim to not have been rude.",DENIED
8b4fb7be-f84e-4bd9-85fe-c15be25630fa,e48311d5-8ae5-4870-bf3e-6ccf4da97399,1a07fa2b-b9e1-44cc-938c-88534eacef52,The items in my bundle do not match the description.,"Unfortunately, we will not be able to refund this bundle. We are able to confirm that this bundle did match the description.",DENIED
f6ee49d1-4871-4a48-b5af-d1277d442168,66292e37-6dec-4434-9388-b5c0e17df58f,f8f749f2-068d-4027-be98-02090d4f36fe,I collected my bundle but there were missing items.,"Unfortunately, we will not be able to refund this bundle. We know that all items were placed inside this bundle",DENIED
96745d73-9203-41ed-b685-2d22d52de74c,181c2836-24fd-448a-b7c4-f4d4d340e9f2,e27daa6e-3e67-4d51-8ac0-cc73c621fd40,I arrived during the pickup window but the shop was already closed.,"Unfortunately, we will not be able to refund this bundle. We did not close early on this date.",DENIED
2c395ec1-1fd8-4c3f-a02c-0d981b7b8ab8,40c04b27-465d-4c47-ae7b-0a8afc0752fc,92233ce5-e0d1-47b1-9722-00d0c4d9996c,I arrived during the pickup window but the shop was already closed.,We apologise for this issue. We had to close early due to an issue. We will refund you for this bundle.,APPROVED
d5c28d4f-b157-4220-bd73-991aaa8da671,31c872d6-7c49-4e6a-8d78-425f36b71b43,046a72cd-ba93-439a-9d76-80adb8250be0,The items in my bundle do not match the description.,"Unfortunately, we will not be able to refund this bundle. We are able to confirm that this bundle did match the description.",DENIED
c52b1302-fd5f-4fe0-bd2d-25f955653ac8,563b2b2e-4b7e-4926-9e20-6dccf80c0e01,fa4c555e-72f6-4d8c-8ab2-8b9f2a592993,I was spoken to rudely by a member of staff when collecting the bundle.,"Unfortunately, we will not be able to refund this bundle. We have spoken to the staff member you interacted with and they claim to not have been rude.",DENIED
c30a4cd1-bd56-48de-a808-cd89edde53c2,81a5af66-64f2-4f36-8e21-22f2b5f1c1c1,1a07fa2b-b9e1-44cc-938c-88534eacef52,I was spoken to rudely by a member of staff when collecting the bundle.,We are incredibly sorry for your experience. This is not the standard we expect from our staff. We will refund you for this bundle.,APPROVED
03fc4e96-5db5-4389-8bf1-d3d8970d944a,28307200-322f-4362-87c4-0fa98c4cc991,4d70cd26-6337-45aa-8a8e-6ee2a45c9267,The items in my bundle do not match the description.,We apologise for this issue. We incorrectly labelled this bundle. We will refund you for this bundle.,APPROVED
28a4e3fc-1221-498b-80c3-5be5e8f4ef32,3636a52b-0713-407f-9cd4-cf6e2a9484fd,56950fba-9693-4032-a977-f931c78ac77d,I arrived during the pickup window but the shop was already closed.,We apologise for this issue. We had to close early due to an issue. We will refund you for this bundle.,APPROVED
6e661dd7-9158-4f1f-89f4-1c31c14aa5c3,3757166e-a4ab-4968-98b2-b99bd5bcc08f,22c4d814-1516-45f9-9354-3640c8e65f07,I arrived during the pickup window but the shop was already closed.,"Unfortunately, we will not be able to refund this bundle. We did not close early on this date.",DENIED
04c544d2-4604-4f83-8fa2-47f0ddda3f3e,3636a52b-0713-407f-9cd4-cf6e2a9484fd,fa4c555e-72f6-4d8c-8ab2-8b9f2a592993,I arrived during the pickup window but the shop was already closed.,We apologise for this issue. We had to close early due to an issue. We will refund you for this bundle.,APPROVED
c8e4ea45-53b6-4dc6-b26c-912cb2e195e4,a54b56a1-3f5a-427f-9c9f-15a5b3824abf,0085a9a8-b124-44e7-8cb3-141046bc183e,The items in my bundle do not match the description.,"Unfortunately, we will not be able to refund this bundle. We are able to confirm that this bundle did match the description.",DENIED
8de5c764-8708-4a10-8dbc-c7c1fe0fe4c2,5810fa64-fa8f-48a0-abb2-2f90deaf5cb3,c3d3af36-d366-482c-944f-ee9d88205a02,One of the items was already spoiled when I got home.,"Unfortunately, we will not be able to refund this bundle. All produce placed into this bundle was quality and date checked by a member of our team.",DENIED
8287f60c-5766-496d-8fc6-1754b3e8b9d2,66292e37-6dec-4434-9388-b5c0e17df58f,b2a96f86-86a1-4b87-b406-23e8d789c14b,I arrived during the pickup window but the shop was already closed.,"Unfortunately, we will not be able to refund this bundle. We did not close early on this date.",DENIED
82705f2a-49ca-45f3-b9ae-dcfc67aec544,25a849e0-cee8-4cfd-afb7-4b91b823686b,dfc9a97b-0ac4-43cf-9169-040389892f81,I collected my bundle but there were missing items.,"Unfortunately, we will not be able to refund this bundle. We know that all items were placed inside this bundle",DENIED
a046bf3c-5cfe-43cf-9dfb-b49bf99af2ec,66292e37-6dec-4434-9388-b5c0e17df58f,3cdd20b4-f7cd-40a4-8004-f816ec230b1a,I collected my bundle but there were missing items.,"Unfortunately, we will not be able to refund this bundle. We know that all items were placed inside this bundle",DENIED
495d2278-7853-4781-adbe-38862bf4d6b5,563b2b2e-4b7e-4926-9e20-6dccf80c0e01,2f2530fe-56a0-4069-b06d-83a578929129,I arrived during the pickup window but the shop was already closed.,"Unfortunately, we will not be able to refund this bundle. We did not close early on this date.",DENIED
d28819d0-0b3e-4d79-8f86-cf272594b6d5,81e257a6-3775-450b-a0ab-4364cafc4725,b2a96f86-86a1-4b87-b406-23e8d789c14b,I collected my bundle but there were missing items.,We apologise for this. This is not acceptable. We will refund you for this bundle.,APPROVED
221f4871-3edd-41ca-a9ee-b5dc8f0df42f,7de7a695-99d4-4faf-9c35-a2e9de3f7fcb,dfc9a97b-0ac4-43cf-9169-040389892f81,I was spoken to rudely by a member of staff when collecting the bundle.,"Unfortunately, we will not be able to refund this bundle. We have spoken to the staff member you interacted with and they claim to not have been rude.",DENIED
19ea498f-8220-4c19-ae38-89160dcc4785,31c872d6-7c49-4e6a-8d78-425f36b71b43,4d70cd26-6337-45aa-8a8e-6ee2a45c9267,I arrived during the pickup window but the shop was already closed.,"Unfortunately, we will not be able to refund this bundle. We did not close early on this date.",DENIED
a70507bc-a2de-4747-bdc7-8d1c0e529067,1e565172-67de-4963-928b-c960bb7e3146,22c4d814-1516-45f9-9354-3640c8e65f07,I arrived during the pickup window but the shop was already closed.,"Unfortunately, we will not be able to refund this bundle. We did not close early on this date.",DENIED
acb9899c-c0d9-4ecf-bca2-be30a4f32108,80c39d18-eb38-4c63-8c8d-7717e8cb86ee,92233ce5-e0d1-47b1-9722-00d0c4d9996c,I arrived during the pickup window but the shop was already closed.,"Unfortunately, we will not be able to refund this bundle. We did not close early on this date.",DENIED
83e33cbb-9754-4034-b7f6-2b0225397cfd,0da9c771-0b3a-4736-9443-92798fcd0845,046a72cd-ba93-439a-9d76-80adb8250be0,I collected my bundle but there were missing items.,"Unfortunately, we will not be able to refund this bundle. We know that all items were placed inside this bundle",DENIED
b78186e8-1c54-402e-af3d-c7066dc3e071,259a8f3e-2619-4080-89f2-5dfd2714e222,c8889f66-3499-4abc-80a1-2f5757cd0550,I arrived during the pickup window but the shop was already closed.,"Unfortunately, we will not be able to refund this bundle. We did not close early on this date.",DENIED
2409c7b4-aae3-46fd-af17-38181104ac95,7fd6ccd4-9981-4c7c-a1ce-f59ff9320f8e,c3d3af36-d366-482c-944f-ee9d88205a02,I was spoken to rudely by a member of staff when collecting the bundle.,"Unfortunately, we will not be able to refund this bundle. We have spoken to the staff member you interacted with and they claim to not have been rude.",DENIED
12598cd1-2e6e-4ed7-bc6b-e4fe34d704bd,80c39d18-eb38-4c63-8c8d-7717e8cb86ee,412bf86d-6c5e-40b4-94ac-403cc110a119,The items in my bundle do not match the description.,"Unfortunately, we will not be able to refund this bundle. We are able to confirm that this bundle did match the description.",DENIED
28062222-2309-4ec4-9c70-6cd8ab148ec7,dfd88125-dd44-4ded-92c3-510bbabc4124,c3d3af36-d366-482c-944f-ee9d88205a02,I arrived during the pickup window but the shop was already closed.,"Unfortunately, we will not be able to refund this bundle. We did not close early on this date.",DENIED
2489908c-f323-461f-ac41-dd792ab91416,20c6bff8-61d7-4cbb-841a-02e6091a1537,92233ce5-e0d1-47b1-9722-00d0c4d9996c,One of the items was already spoiled when I got home.,"Unfortunately, we will not be able to refund this bundle. All produce placed into this bundle was quality and date checked by a member of our team.",DENIED
34e5427a-c202-4332-9e5d-0603e5212211,1b2040ac-5cca-40e7-8ef4-02ddcc3ac175,ba358b7b-355f-4942-b1c5-222a5b8efef0,I arrived during the pickup window but the shop was already closed.,We apologise for this issue. We had to close early due to an issue. We will refund you for this bundle.,APPROVED
1562daea-365e-4a1f-8211-fb5fdbfe1ee8,a54c3310-0821-4199-a6e0-644129b4766c,c3d3af36-d366-482c-944f-ee9d88205a02,The items in my bundle do not match the description.,"Unfortunately, we will not be able to refund this bundle. We are able to confirm that this bundle did match the description.",DENIED
c2e7586b-daeb-4811-b4b8-aa1778b8962f,25ff4c99-fe88-46d9-ab95-9caa4e75a8b9,517f0db2-bb8d-4b33-a1d5-ca8ada4dc130,The items in my bundle do not match the description.,"Unfortunately, we will not be able to refund this bundle. We are able to confirm that this bundle did match the description.",DENIED
bb9c39af-37f9-48d5-ad77-853f9b3d1ae0,de6ab937-c4f7-4ece-8362-1563ac038b6f,4d70cd26-6337-45aa-8a8e-6ee2a45c9267,I was spoken to rudely by a member of staff when collecting the bundle.,"Unfortunately, we will not be able to refund this bundle. We have spoken to the staff member you interacted with and they claim to not have been rude.",DENIED
8dc70949-601e-4b0b-8d0d-0b2c0dc59de9,26563ce0-a46e-422a-9d1f-f574c0bbdada,f8f749f2-068d-4027-be98-02090d4f36fe,I arrived during the pickup window but the shop was already closed.,We apologise for this issue. We had to close early due to an issue. We will refund you for this bundle.,APPROVED
ba518ece-6423-48c9-a552-079ad8a7a85b,4c37cf81-2822-43e6-a5ba-f57e80f51d74,dfc9a97b-0ac4-43cf-9169-040389892f81,I arrived during the pickup window but the shop was already closed.,"Unfortunately, we will not be able to refund this bundle. We did not close early on this date.",DENIED
70d9b029-25e7-42e6-a1e3-5c89177b24c8,13c47e7a-04b1-4875-b06f-11fc46d1fd83,046a72cd-ba93-439a-9d76-80adb8250be0,I was spoken to rudely by a member of staff when collecting the bundle.,"Unfortunately, we will not be able to refund this bundle. We have spoken to the staff member you interacted with and they claim to not have been rude.",DENIED
f851444f-7057-44c7-b2a2-0ec87ff3016e,e9892d9c-0023-4d9d-9009-4b8d852a864c,412bf86d-6c5e-40b4-94ac-403cc110a119,I was spoken to rudely by a member of staff when collecting the bundle.,"Unfortunately, we will not be able to refund this bundle. We have spoken to the staff member you interacted with and they claim to not have been rude.",DENIED
e279d61a-cd84-4e0b-b285-df7ae5ab2c60,31054ea6-e12d-4430-acde-c0e2af6a96ae,c8889f66-3499-4abc-80a1-2f5757cd0550,The items in my bundle do not match the description.,"Unfortunately, we will not be able to refund this bundle. We are able to confirm that this bundle did match the description.",DENIED
1b8de401-0817-44c4-99d2-6ee3ab504410,607644c0-e603-4ad8-abb6-438b57507f1c,517f0db2-bb8d-4b33-a1d5-ca8ada4dc130,I arrived during the pickup window but the shop was already closed.,We apologise for this issue. We had to close early due to an issue. We will refund you for this bundle.,APPROVED
782b193f-192b-4059-8c3c-0326ef3bb2df,f7ee2991-5c1e-466f-b3f9-e8cf92913e8c,80c0fe78-5e8d-4a07-a571-11013f3dac9c,I arrived during the pickup window but the shop was already closed.,"Unfortunately, we will not be able to refund this bundle. We did not close early on this date.",DENIED
885a3780-507e-4e58-85d3-abcd39a9a64b,07ad68f3-b96a-4cad-8417-83415f96c597,046a72cd-ba93-439a-9d76-80adb8250be0,The items in my bundle do not match the description.,"Unfortunately, we will not be able to refund this bundle. We are able to confirm that this bundle did match the description.",DENIED
544070da-421b-4f0b-a24c-5993c7f481cf,3f6e62e4-41d5-41a0-ab0a-52e4ab46e554,3cdd20b4-f7cd-40a4-8004-f816ec230b1a,I was spoken to rudely by a member of staff when collecting the bundle.,"Unfortunately, we will not be able to refund this bundle. We have spoken to the staff member you interacted with and they claim to not have been rude.",DENIED
3565031b-fe09-4dec-abfc-14acc05cd13c,4f6e0210-04f6-40ca-af44-e6f17d9415fd,1a07fa2b-b9e1-44cc-938c-88534eacef52,One of the items was already spoiled when I got home.,"Unfortunately, we will not be able to refund this bundle. All produce placed into this bundle was quality and date checked by a member of our team.",DENIED
557d7e2c-715b-4033-9239-4cb133873061,ce940456-9299-43af-b7dc-d3912347160c,1a07fa2b-b9e1-44cc-938c-88534eacef52,I collected my bundle but there were missing items.,"Unfortunately, we will not be able to refund this bundle. We know that all items were placed inside this bundle",DENIED
db456bb5-40a8-421b-86bb-295d2c4dd55b,e9892d9c-0023-4d9d-9009-4b8d852a864c,517f0db2-bb8d-4b33-a1d5-ca8ada4dc130,I collected my bundle but there were missing items.,"Unfortunately, we will not be able to refund this bundle. We know that all items were placed inside this bundle",DENIED
bfaaf0f0-8132-4415-89d7-3a6341fb315c,e77d8311-c80d-4781-9c97-ea77b853be1e,3cdd20b4-f7cd-40a4-8004-f816ec230b1a,I arrived during the pickup window but the shop was already closed.,We apologise for this issue. We had to close early due to an issue. We will refund you for this bundle.,APPROVED
ea2ddebb-7125-4ee4-95fa-d7eeae2717b1,499b2537-6564-41e6-ad9b-b23251fddd6d,1a81370b-d2b9-4cb1-badc-6b7a4612a69a,I was spoken to rudely by a member of staff when collecting the bundle.,We are incredibly sorry for your experience. This is not the standard we expect from our staff. We will refund you for this bundle.,APPROVED
8b45f961-fffc-48e2-b1a8-f55c06291460,1ab71ceb-0457-45ac-a83e-ef1dd8f4e930,fa4c555e-72f6-4d8c-8ab2-8b9f2a592993,The items in my bundle do not match the description.,We apologise for this issue. We incorrectly labelled this bundle. We will refund you for this bundle.,APPROVED
242a52be-0e73-42c4-a1ff-296a9a03eec8,4c37cf81-2822-43e6-a5ba-f57e80f51d74,517f0db2-bb8d-4b33-a1d5-ca8ada4dc130,I arrived during the pickup window but the shop was already closed.,"Unfortunately, we will not be able to refund this bundle. We did not close early on this date.",DENIED
e198f541-27c3-4023-877f-e919ed964e9f,ab7e5ca6-9d8d-4851-a8f6-0cb3c1488466,9ab7d98a-a260-46ec-8aab-d3235a493e22,I was spoken to rudely by a member of staff when collecting the bundle.,"Unfortunately, we will not be able to refund this bundle. We have spoken to the staff member you interacted with and they claim to not have been rude.",DENIED
ff583016-686f-4f75-a007-d2cbd3246ad1,726624d2-9e54-4ba2-a82d-4a2a78c7338d,1a07fa2b-b9e1-44cc-938c-88534eacef52,One of the items was already spoiled when I got home.,"Unfortunately, we will not be able to refund this bundle. All produce placed into this bundle was quality and date checked by a member of our team.",DENIED
42d0ef9c-3ea7-4aea-bf7a-d01e24f47afa,ac243485-819d-40e5-8a96-6d803848d524,ba358b7b-355f-4942-b1c5-222a5b8efef0,I arrived during the pickup window but the shop was already closed.,"Unfortunately, we will not be able to refund this bundle. We did not close early on this date.",DENIED
01d32538-b59f-4673-9c80-3586f7e44630,8f57f7ee-c718-4dd9-996f-2c6380bd47f9,3cdd20b4-f7cd-40a4-8004-f816ec230b1a,I arrived during the pickup window but the shop was already closed.,"Unfortunately, we will not be able to refund this bundle. We did not close early on this date.",DENIED
03762eb5-727c-4cf7-b4b1-568efed36b62,faf9709d-3584-4fd4-a977-d33632245101,c8889f66-3499-4abc-80a1-2f5757cd0550,One of the items was already spoiled when I got home.,"Unfortunately, we will not be able to refund this bundle. All produce placed into this bundle was quality and date checked by a member of our team.",DENIED
8011b911-bc93-4942-ab08-743a0d78c4b2,575071b3-244c-4f3f-b6ea-8f8714fdd9a7,8da7113a-8d38-4500-bc1d-2280b1ae3ce2,One of the items was already spoiled when I got home.,This is unacceptable. We are deeply sorry for this. We will refund you for this bundle.,APPROVED
f92cc8d9-b347-4451-85b2-4e897fc72fa5,976a1cc9-3bff-4117-bd74-3bdb8ed4b703,412bf86d-6c5e-40b4-94ac-403cc110a119,I arrived during the pickup window but the shop was already closed.,"Unfortunately, we will not be able to refund this bundle. We did not close early on this date.",DENIED
334a84c2-79c7-42cd-831e-c5795c5b7b73,80975cc1-06b2-43a1-b68b-bc83360888ee,c3d3af36-d366-482c-944f-ee9d88205a02,I collected my bundle but there were missing items.,"Unfortunately, we will not be able to refund this bundle. We know that all items were placed inside this bundle",DENIED
de2b93ce-dbf3-4964-a79c-70f04cde58cb,5b324f9c-9b4a-4d4b-a4c3-197f5c56afe0,f8f749f2-068d-4027-be98-02090d4f36fe,I collected my bundle but there were missing items.,"Unfortunately, we will not be able to refund this bundle. We know that all items were placed inside this bundle",DENIED
db5df75f-d35d-4167-979c-a17581ab34d3,6595ba98-e673-457a-8478-990d05a5b4cd,56950fba-9693-4032-a977-f931c78ac77d,One of the items was already spoiled when I got home.,"Unfortunately, we will not be able to refund this bundle. All produce placed into this bundle was quality and date checked by a member of our team.",DENIED
e9c0fc9a-ddc8-4337-974c-cc9ac41e6d47,bd29acda-20fe-44b5-aaf6-798e6e88e7f6,fa4c555e-72f6-4d8c-8ab2-8b9f2a592993,I collected my bundle but there were missing items.,We apologise for this. This is not acceptable. We will refund you for this bundle.,APPROVED
169181fe-df38-4ad5-9036-d6a13a986c67,0da9c771-0b3a-4736-9443-92798fcd0845,b2a96f86-86a1-4b87-b406-23e8d789c14b,The items in my bundle do not match the description.,"Unfortunately, we will not be able to refund this bundle. We are able to confirm that this bundle did match the description.",DENIED
bdb5974f-e49c-49d3-8fc5-ef84bc084e29,47e0454e-b0c7-4282-bbce-ef9f4142968b,56950fba-9693-4032-a977-f931c78ac77d,One of the items was already spoiled when I got home.,"Unfortunately, we will not be able to refund this bundle. All produce placed into this bundle was quality and date checked by a member of our team.",DENIED
bd71aea0-dec4-4420-a18e-e46e9ce48115,d1465d63-e6ad-455f-a6a8-1cbd084c2276,0085a9a8-b124-44e7-8cb3-141046bc183e,The items in my bundle do not match the description.,"Unfortunately, we will not be able to refund this bundle. We are able to confirm that this bundle did match the description.",DENIED
5ef4e78a-f9f3-4e18-a4dd-7199bd4c6ccf,2981b5c6-1dea-4c6b-bc7e-d730ba954dcf,e27daa6e-3e67-4d51-8ac0-cc73c621fd40,I collected my bundle but there were missing items.,"Unfortunately, we will not be able to refund this bundle. We know that all items were placed inside this bundle",DENIED
066a224d-0a2e-4a08-b3b7-b51c86aa6d65,0c2eec71-f162-4af2-b1d1-3c2ced3b6dff,e27daa6e-3e67-4d51-8ac0-cc73c621fd40,I arrived during the pickup window but the shop was already closed.,We apologise for this issue. We had to close early due to an issue. We will refund you for this bundle.,APPROVED
96c9fe58-e336-4e58-bdd8-4283343f5522,bd29acda-20fe-44b5-aaf6-798e6e88e7f6,56950fba-9693-4032-a977-f931c78ac77d,I arrived during the pickup window but the shop was already closed.,We apologise for this issue. We had to close early due to an issue. We will refund you for this bundle.,APPROVED
51d92724-f1ae-46ee-87a0-62ecac6238db,7d6d616b-1af3-4ec0-a83d-83e0f4959e99,dfc9a97b-0ac4-43cf-9169-040389892f81,I was spoken to rudely by a member of staff when collecting the bundle.,"Unfortunately, we will not be able to refund this bundle. We have spoken to the staff member you interacted with and they claim to not have been rude.",DENIED
9f2c71f6-eb05-4311-8de1-61efc41189ea,d7b16614-9150-44cb-ba1e-cb6a3bc7a80e,b2a96f86-86a1-4b87-b406-23e8d789c14b,I was spoken to rudely by a member of staff when collecting the bundle.,"Unfortunately, we will not be able to refund this bundle. We have spoken to the staff member you interacted with and they claim to not have been rude.",DENIED
1e7108c4-b4ee-436a-a27c-b2e7c442250d,d4984692-b08a-44d6-8359-91dfd9f88b32,dfc9a97b-0ac4-43cf-9169-040389892f81,I was spoken to rudely by a member of staff when collecting the bundle.,"Unfortunately, we will not be able to refund this bundle. We have spoken to the staff member you interacted with and they claim to not have been rude.",DENIED
649d93d8-2cfb-47fc-915f-2deea9cf3d72,6530772e-4852-42d7-b6b8-3908b836388c,224ac6b1-9c09-4247-bb31-1f3a65903eb3,The items in my bundle do not match the description.,"Unfortunately, we will not be able to refund this bundle. We are able to confirm that this bundle did match the description.",DENIED
dee9a6d7-c80b-455c-b4b4-a4635ddd446b,931d79a0-6661-4e3f-bc66-bb4f7bdc03ba,2f2530fe-56a0-4069-b06d-83a578929129,I arrived during the pickup window but the shop was already closed.,"Unfortunately, we will not be able to refund this bundle. We did not close early on this date.",DENIED
c6dab55a-6bd1-4190-aafa-9d2850dbb4e3,fc8d61e8-e006-424d-9003-5382ae1a35da,92233ce5-e0d1-47b1-9722-00d0c4d9996c,The items in my bundle do not match the description.,"Unfortunately, we will not be able to refund this bundle. We are able to confirm that this bundle did match the description.",DENIED
fea8f0fc-e3f2-4898-8dff-bbaa5afe86cb,3b0781ae-7012-478f-9b05-ec77c2a72d0c,1a81370b-d2b9-4cb1-badc-6b7a4612a69a,I arrived during the pickup window but the shop was already closed.,"Unfortunately, we will not be able to refund this bundle. We did not close early on this date.",DENIED
d7f7d4a7-e15c-48f2-baea-26f3fda37060,f7ee2991-5c1e-466f-b3f9-e8cf92913e8c,22c4d814-1516-45f9-9354-3640c8e65f07,The items in my bundle do not match the description.,"Unfortunately, we will not be able to refund this bundle. We are able to confirm that this bundle did match the description.",DENIED
1206016b-7fd9-4606-a97a-35d39d59ed47,db1f2710-5c5f-4a3d-8f97-1e6bff06746a,0085a9a8-b124-44e7-8cb3-141046bc183e,The items in my bundle do not match the description.,We apologise for this issue. We incorrectly labelled this bundle. We will refund you for this bundle.,APPROVED
9586f73b-72b3-488b-94f1-860379176f55,5810fa64-fa8f-48a0-abb2-2f90deaf5cb3,22c4d814-1516-45f9-9354-3640c8e65f07,I arrived during the pickup window but the shop was already closed.,"Unfortunately, we will not be able to refund this bundle. We did not close early on this date.",DENIED
a6199c7d-a798-429e-82e7-a78dcbf296d1,e5c84b3f-9c87-4c48-a1cf-5f7db6cd55e8,9ab7d98a-a260-46ec-8aab-d3235a493e22,I arrived during the pickup window but the shop was already closed.,"Unfortunately, we will not be able to refund this bundle. We did not close early on this date.",DENIED
33c8759d-f831-420f-8bb5-f291fab5ab22,020ac99d-e544-441e-aad5-91996c46de78,b2a96f86-86a1-4b87-b406-23e8d789c14b,The items in my bundle do not match the description.,"Unfortunately, we will not be able to refund this bundle. We are able to confirm that this bundle did match the description.",DENIED
2346483e-2bc9-41ef-b1ba-5ba83ae97fdc,575071b3-244c-4f3f-b6ea-8f8714fdd9a7,2f2530fe-56a0-4069-b06d-83a578929129,I arrived during the pickup window but the shop was already closed.,"Unfortunately, we will not be able to refund this bundle. We did not close early on this date.",DENIED
39d9d4f2-f01a-445c-911c-16c13b06576d,85bb26d3-c1d3-4d11-8b9e-a5c4cfd7fbe5,fa4c555e-72f6-4d8c-8ab2-8b9f2a592993,I arrived during the pickup window but the shop was already closed.,"Unfortunately, we will not be able to refund this bundle. We did not close early on this date.",DENIED
df665b2b-1b30-4213-9da2-8dc4329286a7,931d79a0-6661-4e3f-bc66-bb4f7bdc03ba,1a81370b-d2b9-4cb1-badc-6b7a4612a69a,The items in my bundle do not match the description.,We apologise for this issue. We incorrectly labelled this bundle. We will refund you for this bundle.,APPROVED
172f0fd3-8222-4e0a-9aac-d9ca40fa1ef4,30ce8712-ac53-422a-a388-23dfc34d3924,2f2530fe-56a0-4069-b06d-83a578929129,I was spoken to rudely by a member of staff when collecting the bundle.,"Unfortunately, we will not be able to refund this bundle. We have spoken to the staff member you interacted with and they claim to not have been rude.",DENIED
1384471c-d5fb-41ec-82bb-8664116333ea,89c51d19-d55e-415b-8a46-78cd2636a54a,046a72cd-ba93-439a-9d76-80adb8250be0,I was spoken to rudely by a member of staff when collecting the bundle.,We are incredibly sorry for your experience. This is not the standard we expect from our staff. We will refund you for this bundle.,APPROVED
d872ea05-4ba5-4106-b9bb-4e279f37f0ec,35290aca-6eba-4d6b-88c0-9a34572db033,9ab7d98a-a260-46ec-8aab-d3235a493e22,One of the items was already spoiled when I got home.,This is unacceptable. We are deeply sorry for this. We will refund you for this bundle.,APPROVED
e7f4616d-e098-4404-90d5-f8bf83a2e557,8094d222-b53a-4749-b29f-f1a7ddffad0f,2f2530fe-56a0-4069-b06d-83a578929129,I collected my bundle but there were missing items.,"Unfortunately, we will not be able to refund this bundle. We know that all items were placed inside this bundle",DENIED
15363576-e7fc-4e18-a826-d41f77713c91,db1f2710-5c5f-4a3d-8f97-1e6bff06746a,224ac6b1-9c09-4247-bb31-1f3a65903eb3,One of the items was already spoiled when I got home.,This is unacceptable. We are deeply sorry for this. We will refund you for this bundle.,APPROVED
04fea1a4-82c2-4799-9d4d-50150ab16d62,f9722c5d-4e67-4327-8cf7-3334eaabce06,f8f749f2-068d-4027-be98-02090d4f36fe,I arrived during the pickup window but the shop was already closed.,We apologise for this issue. We had to close early due to an issue. We will refund you for this bundle.,APPROVED
cb9f51c3-8bf5-4498-bc86-9f1e7759b1b3,a6db9729-7070-4318-bcd2-d4e066d459f4,22c4d814-1516-45f9-9354-3640c8e65f07,I arrived during the pickup window but the shop was already closed.,"Unfortunately, we will not be able to refund this bundle. We did not close early on this date.",DENIED
3967cc3e-2246-427f-b034-7c9c10fb5fa0,992b458c-c187-441d-b93b-3d281ae14218,92233ce5-e0d1-47b1-9722-00d0c4d9996c,The items in my bundle do not match the description.,"Unfortunately, we will not be able to refund this bundle. We are able to confirm that this bundle did match the description.",DENIED
8ee18898-a3fa-402f-87c6-2a1bc4b81397,35290aca-6eba-4d6b-88c0-9a34572db033,9ab7d98a-a260-46ec-8aab-d3235a493e22,I arrived during the pickup window but the shop was already closed.,"Unfortunately, we will not be able to refund this bundle. We did not close early on this date.",DENIED
2d8579d7-dcff-46fc-bf10-662981d533b7,7a5d807c-4987-4230-a059-19d79b6cafef,0085a9a8-b124-44e7-8cb3-141046bc183e,I was spoken to rudely by a member of staff when collecting the bundle.,We are incredibly sorry for your experience. This is not the standard we expect from our staff. We will refund you for this bundle.,APPROVED
48bc6304-f88b-48fa-98c9-e4c9ac582e1b,f9722c5d-4e67-4327-8cf7-3334eaabce06,412bf86d-6c5e-40b4-94ac-403cc110a119,One of the items was already spoiled when I got home.,This is unacceptable. We are deeply sorry for this. We will refund you for this bundle.,APPROVED
3e511168-34f5-4d29-b0dc-5ffef952644e,3c06acd4-c8ff-4524-b633-377e1644e162,224ac6b1-9c09-4247-bb31-1f3a65903eb3,I collected my bundle but there were missing items.,"Unfortunately, we will not be able to refund this bundle. We know that all items were placed inside this bundle",DENIED
b2b15030-bbb7-4d5e-a4c0-699fcb694f98,7a5d807c-4987-4230-a059-19d79b6cafef,22c4d814-1516-45f9-9354-3640c8e65f07,One of the items was already spoiled when I got home.,"Unfortunately, we will not be able to refund this bundle. All produce placed into this bundle was quality and date checked by a member of our team.",DENIED
691cc525-1303-42a5-916d-08297ddc1bdc,c3b3edf3-626a-474b-89d2-b67b248c056a,ba358b7b-355f-4942-b1c5-222a5b8efef0,The items in my bundle do not match the description.,"Unfortunately, we will not be able to refund this bundle. We are able to confirm that this bundle did match the description.",DENIED
7f2bcb20-8339-4344-befd-59877b6c0ae2,e5c84b3f-9c87-4c48-a1cf-5f7db6cd55e8,4d70cd26-6337-45aa-8a8e-6ee2a45c9267,One of the items was already spoiled when I got home.,"Unfortunately, we will not be able to refund this bundle. All produce placed into this bundle was quality and date checked by a member of our team.",DENIED
27d541dc-631c-4ba5-aef5-f5e23f7522ac,278f8dc6-7818-4ff7-bbe7-61dc7f57e460,412bf86d-6c5e-40b4-94ac-403cc110a119,The items in my bundle do not match the description.,"Unfortunately, we will not be able to refund this bundle. We are able to confirm that this bundle did match the description.",DENIED
ef06de05-27aa-48c3-ab02-ca0de7f1e79c,976a1cc9-3bff-4117-bd74-3bdb8ed4b703,c3d3af36-d366-482c-944f-ee9d88205a02,I arrived during the pickup window but the shop was already closed.,We apologise for this issue. We had to close early due to an issue. We will refund you for this bundle.,APPROVED
02c99459-8b3f-4370-bb40-dfa60cdb5c48,5810fa64-fa8f-48a0-abb2-2f90deaf5cb3,80c0fe78-5e8d-4a07-a571-11013f3dac9c,I was spoken to rudely by a member of staff when collecting the bundle.,We are incredibly sorry for your experience. This is not the standard we expect from our staff. We will refund you for this bundle.,APPROVED
6a9ffc5e-dfcf-4b26-a017-962f16333a56,e99f0859-c9e5-4494-b1f4-0991a22f56d2,c3d3af36-d366-482c-944f-ee9d88205a02,The items in my bundle do not match the description.,"Unfortunately, we will not be able to refund this bundle. We are able to confirm that this bundle did match the description.",DENIED
d3b3aba0-129a-4a49-8785-dcc14338b858,e5c84b3f-9c87-4c48-a1cf-5f7db6cd55e8,517f0db2-bb8d-4b33-a1d5-ca8ada4dc130,I collected my bundle but there were missing items.,"Unfortunately, we will not be able to refund this bundle. We know that all items were placed inside this bundle",DENIED
25a35a28-7957-4d81-9db8-18604097eb78,69194dd1-05c7-47fc-a440-3bd3c8f65c60,1a07fa2b-b9e1-44cc-938c-88534eacef52,I was spoken to rudely by a member of staff when collecting the bundle.,We are incredibly sorry for your experience. This is not the standard we expect from our staff. We will refund you for this bundle.,APPROVED
4acb5b58-030a-48df-af46-391d96f7cffe,992b458c-c187-441d-b93b-3d281ae14218,2f2530fe-56a0-4069-b06d-83a578929129,I collected my bundle but there were missing items.,"Unfortunately, we will not be able to refund this bundle. We know that all items were placed inside this bundle",DENIED
1ec4f8f0-948d-4a4e-81d5-e659cf858776,7e29ed69-9ae8-4f38-9271-6825276ff11f,ba358b7b-355f-4942-b1c5-222a5b8efef0,I arrived during the pickup window but the shop was already closed.,"Unfortunately, we will not be able to refund this bundle. We did not close early on this date.",DENIED
62df1e43-1481-4bd5-a2ae-4746ed0ea9cf,5ce79395-bf16-434d-9376-67dea4076487,517f0db2-bb8d-4b33-a1d5-ca8ada4dc130,One of the items was already spoiled when I got home.,This is unacceptable. We are deeply sorry for this. We will refund you for this bundle.,APPROVED
f8f8e5e0-6a9d-4954-99d6-f8ccc5951d7d,278f8dc6-7818-4ff7-bbe7-61dc7f57e460,3cdd20b4-f7cd-40a4-8004-f816ec230b1a,The items in my bundle do not match the description.,"Unfortunately, we will not be able to refund this bundle. We are able to confirm that this bundle did match the description.",DENIED
ae2489b1-e4a2-43b7-bc8d-75edb6f25cd5,0a66e93c-eb13-4a3b-b37e-7a70d44953ff,412bf86d-6c5e-40b4-94ac-403cc110a119,I arrived during the pickup window but the shop was already closed.,"Unfortunately, we will not be able to refund this bundle. We did not close early on this date.",DENIED
115f3c15-d493-4c48-9547-bbc32df230e4,74ae7481-aca2-424b-bbd6-3577a6c732dc,e27daa6e-3e67-4d51-8ac0-cc73c621fd40,I was spoken to rudely by a member of staff when collecting the bundle.,We are incredibly sorry for your experience. This is not the standard we expect from our staff. We will refund you for this bundle.,APPROVED
fc1b98f1-6e0d-4c1c-a8d0-d96bf3554fe5,d406c2c1-31ee-4ca7-b6db-fea5eb11afae,c3d3af36-d366-482c-944f-ee9d88205a02,I was spoken to rudely by a member of staff when collecting the bundle.,"Unfortunately, we will not be able to refund this bundle. We have spoken to the staff member you interacted with and they claim to not have been rude.",DENIED
78e4ebe4-52f1-4bca-b59f-5c7ab210854c,67cb17a6-ce1d-4095-af9c-d7cd2fe6ad1f,1a07fa2b-b9e1-44cc-938c-88534eacef52,I was spoken to rudely by a member of staff when collecting the bundle.,We are incredibly sorry for your experience. This is not the standard we expect from our staff. We will refund you for this bundle.,APPROVED
3a19e4de-8ece-47d6-9513-83904efd04a8,d6d4af38-d081-425b-ac0b-b615bd4fddc4,9ab7d98a-a260-46ec-8aab-d3235a493e22,I arrived during the pickup window but the shop was already closed.,We apologise for this issue. We had to close early due to an issue. We will refund you for this bundle.,APPROVED
06e9c8eb-58df-463a-8576-593a1759be9e,80c39d18-eb38-4c63-8c8d-7717e8cb86ee,224ac6b1-9c09-4247-bb31-1f3a65903eb3,The items in my bundle do not match the description.,"Unfortunately, we will not be able to refund this bundle. We are able to confirm that this bundle did match the description.",DENIED
b1df0f04-b52f-4027-b73e-2a02d986d031,35f77a5d-0f4e-4b0f-8edf-991e1c695ee2,9ab7d98a-a260-46ec-8aab-d3235a493e22,The items in my bundle do not match the description.,"Unfortunately, we will not be able to refund this bundle. We are able to confirm that this bundle did match the description.",DENIED
12c17261-c895-426d-b1d2-8758d993136f,4fc2a9e6-1bcf-4db9-86b9-21c4dd48b42a,92233ce5-e0d1-47b1-9722-00d0c4d9996c,I collected my bundle but there were missing items.,"Unfortunately, we will not be able to refund this bundle. We know that all items were placed inside this bundle",DENIED
5aec7757-2b45-4534-9081-8aec80ab1994,26563ce0-a46e-422a-9d1f-f574c0bbdada,224ac6b1-9c09-4247-bb31-1f3a65903eb3,The items in my bundle do not match the description.,"Unfortunately, we will not be able to refund this bundle. We are able to confirm that this bundle did match the description.",DENIED
c6a72f34-194d-4d27-9f16-3e8cdb508ba4,30ce8712-ac53-422a-a388-23dfc34d3924,224ac6b1-9c09-4247-bb31-1f3a65903eb3,I collected my bundle but there were missing items.,We apologise for this. This is not acceptable. We will refund you for this bundle.,APPROVED
4542728f-fab1-4573-8630-897c910c7468,0da9c771-0b3a-4736-9443-92798fcd0845,80c0fe78-5e8d-4a07-a571-11013f3dac9c,I arrived during the pickup window but the shop was already closed.,"Unfortunately, we will not be able to refund this bundle. We did not close early on this date.",DENIED
cd14cc7a-dc82-4eae-a333-6ce53b165121,0da9c771-0b3a-4736-9443-92798fcd0845,9ab7d98a-a260-46ec-8aab-d3235a493e22,I collected my bundle but there were missing items.,"Unfortunately, we will not be able to refund this bundle. We know that all items were placed inside this bundle",DENIED
ba99bdcb-c2e3-4247-996a-2c525e57cf5a,ab7e5ca6-9d8d-4851-a8f6-0cb3c1488466,517f0db2-bb8d-4b33-a1d5-ca8ada4dc130,I was spoken to rudely by a member of staff when collecting the bundle.,"Unfortunately, we will not be able to refund this bundle. We have spoken to the staff member you interacted with and they claim to not have been rude.",DENIED
d77ed561-d6fe-49fd-a06c-e76be3e225d2,6a3d926b-0670-44f6-b3e3-efc29a7caa6c,4d70cd26-6337-45aa-8a8e-6ee2a45c9267,One of the items was already spoiled when I got home.,"Unfortunately, we will not be able to refund this bundle. All produce placed into this bundle was quality and date checked by a member of our team.",DENIED
e0e1c312-8ae7-49ef-ae51-b84905f28f86,6a3d926b-0670-44f6-b3e3-efc29a7caa6c,0085a9a8-b124-44e7-8cb3-141046bc183e,I was spoken to rudely by a member of staff when collecting the bundle.,"Unfortunately, we will not be able to refund this bundle. We have spoken to the staff member you interacted with and they claim to not have been rude.",DENIED
be4efe17-5335-4fad-9553-3474445dae2b,a54c3310-0821-4199-a6e0-644129b4766c,3cdd20b4-f7cd-40a4-8004-f816ec230b1a,I was spoken to rudely by a member of staff when collecting the bundle.,We are incredibly sorry for your experience. This is not the standard we expect from our staff. We will refund you for this bundle.,APPROVED
61098835-bbaf-4f03-b6da-004b2266c331,f06f6e6b-3237-4d81-a498-929b2a44154d,1a81370b-d2b9-4cb1-badc-6b7a4612a69a,I collected my bundle but there were missing items.,"Unfortunately, we will not be able to refund this bundle. We know that all items were placed inside this bundle",DENIED
191c66fc-3e42-4afc-9ddb-eff7d91d31b7,1b2040ac-5cca-40e7-8ef4-02ddcc3ac175,0085a9a8-b124-44e7-8cb3-141046bc183e,The items in my bundle do not match the description.,"Unfortunately, we will not be able to refund this bundle. We are able to confirm that this bundle did match the description.",DENIED
93b58eed-12e5-4ba9-987c-c4f87140bf06,74ae7481-aca2-424b-bbd6-3577a6c732dc,0085a9a8-b124-44e7-8cb3-141046bc183e,The items in my bundle do not match the description.,"Unfortunately, we will not be able to refund this bundle. We are able to confirm that this bundle did match the description.",DENIED
ea2845f0-6351-420e-a5c5-45664983e9de,e9892d9c-0023-4d9d-9009-4b8d852a864c,412bf86d-6c5e-40b4-94ac-403cc110a119,I was spoken to rudely by a member of staff when collecting the bundle.,"Unfortunately, we will not be able to refund this bundle. We have spoken to the staff member you interacted with and they claim to not have been rude.",DENIED
6b583be2-e9a3-4dab-803d-88d14099059e,69194dd1-05c7-47fc-a440-3bd3c8f65c60,046a72cd-ba93-439a-9d76-80adb8250be0,I collected my bundle but there were missing items.,"Unfortunately, we will not be able to refund this bundle. We know that all items were placed inside this bundle",DENIED
6f94aec6-379e-4374-9591-f4b84687455e,6be22822-0eb7-47f1-b211-d6f14b09a081,c8889f66-3499-4abc-80a1-2f5757cd0550,I was spoken to rudely by a member of staff when collecting the bundle.,"Unfortunately, we will not be able to refund this bundle. We have spoken to the staff member you interacted with and they claim to not have been rude.",DENIED
4b43b7b9-4f86-456c-aa28-d2c0b0e06772,181c2836-24fd-448a-b7c4-f4d4d340e9f2,92233ce5-e0d1-47b1-9722-00d0c4d9996c,I was spoken to rudely by a member of staff when collecting the bundle.,We are incredibly sorry for your experience. This is not the standard we expect from our staff. We will refund you for this bundle.,APPROVED
809f52db-d20f-4184-82ac-e16c3c3e57c8,8094d222-b53a-4749-b29f-f1a7ddffad0f,56950fba-9693-4032-a977-f931c78ac77d,The items in my bundle do not match the description.,"Unfortunately, we will not be able to refund this bundle. We are able to confirm that this bundle did match the description.",DENIED
98e9a0aa-7c7c-4fa4-92fe-f04b37d2a9e1,52c53415-ac63-4e22-bc69-b3a6f4e17728,224ac6b1-9c09-4247-bb31-1f3a65903eb3,The items in my bundle do not match the description.,We apologise for this issue. We incorrectly labelled this bundle. We will refund you for this bundle.,APPROVED
98ff772e-c5c1-414f-9c0c-45c86719ad46,563b2b2e-4b7e-4926-9e20-6dccf80c0e01,9ab7d98a-a260-46ec-8aab-d3235a493e22,I was spoken to rudely by a member of staff when collecting the bundle.,"Unfortunately, we will not be able to refund this bundle. We have spoken to the staff member you interacted with and they claim to not have been rude.",DENIED
f9026f79-fcf1-4042-bbf4-21c7c50b616d,e77d8311-c80d-4781-9c97-ea77b853be1e,4d70cd26-6337-45aa-8a8e-6ee2a45c9267,I collected my bundle but there were missing items.,"Unfortunately, we will not be able to refund this bundle. We know that all items were placed inside this bundle",DENIED
b45c5462-a70a-431d-a3ab-cd6f87699139,4cb78364-e9c9-4726-91c1-eb3562d1ca3a,ba358b7b-355f-4942-b1c5-222a5b8efef0,I arrived during the pickup window but the shop was already closed.,"Unfortunately, we will not be able to refund this bundle. We did not close early on this date.",DENIED
2a308a88-95c2-4538-89f1-014f833f57ac,ab7e5ca6-9d8d-4851-a8f6-0cb3c1488466,4d70cd26-6337-45aa-8a8e-6ee2a45c9267,The items in my bundle do not match the description.,"Unfortunately, we will not be able to refund this bundle. We are able to confirm that this bundle did match the description.",DENIED
9748a0c2-fec9-4059-a608-f7ee2b742a3f,84621a7b-0a34-4781-bfda-d5e069a09e5d,1a07fa2b-b9e1-44cc-938c-88534eacef52,One of the items was already spoiled when I got home.,"Unfortunately, we will not be able to refund this bundle. All produce placed into this bundle was quality and date checked by a member of our team.",DENIED
a54074bb-ba9b-4516-b130-72ed0b2307d3,67cb17a6-ce1d-4095-af9c-d7cd2fe6ad1f,ba358b7b-355f-4942-b1c5-222a5b8efef0,I arrived during the pickup window but the shop was already closed.,"Unfortunately, we will not be able to refund this bundle. We did not close early on this date.",DENIED
398cd11c-76b0-4470-b1f2-9b92314fc909,52e1279e-87fc-4079-88b6-a0de7ec6e9ac,0085a9a8-b124-44e7-8cb3-141046bc183e,I collected my bundle but there were missing items.,We apologise for this. This is not acceptable. We will refund you for this bundle.,APPROVED
49b03814-ea8b-4075-b14d-61416064e4da,7840982d-5414-4b94-bd1a-338f32c7afc4,046a72cd-ba93-439a-9d76-80adb8250be0,I arrived during the pickup window but the shop was already closed.,We apologise for this issue. We had to close early due to an issue. We will refund you for this bundle.,APPROVED
79b4d5b0-edaf-47b3-ba8c-6bf0eeceeb54,adba5a51-cb8b-41e4-8821-fa01d5d13ab2,0085a9a8-b124-44e7-8cb3-141046bc183e,The items in my bundle do not match the description.,We apologise for this issue. We incorrectly labelled this bundle. We will refund you for this bundle.,APPROVED
26b74fcf-f502-471a-924b-a0c64228488e,1b6d1d25-403c-42d1-a61f-18cc5836d1ec,b2a96f86-86a1-4b87-b406-23e8d789c14b,I arrived during the pickup window but the shop was already closed.,We apologise for this issue. We had to close early due to an issue. We will refund you for this bundle.,APPROVED
f0c37fc2-5477-4332-8dd5-5861662a8185,6f048392-66bf-47be-85fa-92ceeabe325d,953b29b3-d8c6-42da-a4ea-fa6732d705a5,I arrived during the pickup window but the shop was already closed.,"Unfortunately, we will not be able to refund this bundle. We did not close early on this date.",DENIED
46740ef5-1b21-42d9-9c38-530d33a8b5af,3b0781ae-7012-478f-9b05-ec77c2a72d0c,e27daa6e-3e67-4d51-8ac0-cc73c621fd40,I collected my bundle but there were missing items.,We apologise for this. This is not acceptable. We will refund you for this bundle.,APPROVED
5aae27b3-ef46-4fe8-8b60-e942d5690a63,81e257a6-3775-450b-a0ab-4364cafc4725,4d70cd26-6337-45aa-8a8e-6ee2a45c9267,One of the items was already spoiled when I got home.,"Unfortunately, we will not be able to refund this bundle. All produce placed into this bundle was quality and date checked by a member of our team.",DENIED
bda67666-83ad-4e1f-a0b6-9d3fa194d9e4,fe8fce55-9883-464e-824d-2eed77822154,c3d3af36-d366-482c-944f-ee9d88205a02,One of the items was already spoiled when I got home.,"Unfortunately, we will not be able to refund this bundle. All produce placed into this bundle was quality and date checked by a member of our team.",DENIED
a0ddc7aa-02a7-48ac-aecb-6f3f9f45d7f1,25ff4c99-fe88-46d9-ab95-9caa4e75a8b9,4d70cd26-6337-45aa-8a8e-6ee2a45c9267,I was spoken to rudely by a member of staff when collecting the bundle.,"Unfortunately, we will not be able to refund this bundle. We have spoken to the staff member you interacted with and they claim to not have been rude.",DENIED
6dc969e8-0a1b-43dc-bc41-7d51e5668123,5b324f9c-9b4a-4d4b-a4c3-197f5c56afe0,224ac6b1-9c09-4247-bb31-1f3a65903eb3,One of the items was already spoiled when I got home.,This is unacceptable. We are deeply sorry for this. We will refund you for this bundle.,APPROVED
b021c600-349e-416b-985e-da7378e533f8,35cf313f-e2c3-413e-828e-48a01cc05586,92233ce5-e0d1-47b1-9722-00d0c4d9996c,I was spoken to rudely by a member of staff when collecting the bundle.,"Unfortunately, we will not be able to refund this bundle. We have spoken to the staff member you interacted with and they claim to not have been rude.",DENIED
7ca783ab-10b6-4e61-a81d-c5b5777b78d2,83536e01-87cb-493f-9092-9a23e5940c80,3cdd20b4-f7cd-40a4-8004-f816ec230b1a,I arrived during the pickup window but the shop was already closed.,"Unfortunately, we will not be able to refund this bundle. We did not close early on this date.",DENIED
a47bc518-395c-43e1-994d-e8fcec1f6a68,66303864-1414-40c8-8af0-2dd57027b7a6,9ab7d98a-a260-46ec-8aab-d3235a493e22,I was spoken to rudely by a member of staff when collecting the bundle.,We are incredibly sorry for your experience. This is not the standard we expect from our staff. We will refund you for this bundle.,APPROVED
9a7741f1-c064-4742-bcc3-6355f2ce0359,a1b265af-566f-4718-ac66-f5cd3561488c,c8889f66-3499-4abc-80a1-2f5757cd0550,I arrived during the pickup window but the shop was already closed.,"Unfortunately, we will not be able to refund this bundle. We did not close early on this date.",DENIED
b722b29b-1719-4d50-a56d-e7e6be146abd,31054ea6-e12d-4430-acde-c0e2af6a96ae,22c4d814-1516-45f9-9354-3640c8e65f07,I was spoken to rudely by a member of staff when collecting the bundle.,We are incredibly sorry for your experience. This is not the standard we expect from our staff. We will refund you for this bundle.,APPROVED
720c4764-b9df-4a20-8094-81b0e426742c,7e29ed69-9ae8-4f38-9271-6825276ff11f,4d70cd26-6337-45aa-8a8e-6ee2a45c9267,I was spoken to rudely by a member of staff when collecting the bundle.,We are incredibly sorry for your experience. This is not the standard we expect from our staff. We will refund you for this bundle.,APPROVED
966b7f49-420c-479b-b4ea-9a1d246371fd,2f7009ef-98a8-4785-8007-02e679ff441f,1a81370b-d2b9-4cb1-badc-6b7a4612a69a,I collected my bundle but there were missing items.,We apologise for this. This is not acceptable. We will refund you for this bundle.,APPROVED
123bdae5-e285-4dde-a8f7-f37030f912f2,c11ebd41-eee6-4685-8840-b274b5a9fe86,22c4d814-1516-45f9-9354-3640c8e65f07,I arrived during the pickup window but the shop was already closed.,"Unfortunately, we will not be able to refund this bundle. We did not close early on this date.",DENIED
44b2e385-d408-4e73-b1f3-79ee218ccbcb,cbc88c84-890d-41d4-9b5e-b9f7d1132e36,fa4c555e-72f6-4d8c-8ab2-8b9f2a592993,One of the items was already spoiled when I got home.,This is unacceptable. We are deeply sorry for this. We will refund you for this bundle.,APPROVED
a974d25a-f209-44b5-946f-95768b6dfb0c,ac43ab13-de06-4418-8fa9-c9f599308f1b,3cdd20b4-f7cd-40a4-8004-f816ec230b1a,I collected my bundle but there were missing items.,"Unfortunately, we will not be able to refund this bundle. We know that all items were placed inside this bundle",DENIED
b6a6cc98-9453-4187-8959-974b732a96a6,453a6c07-a9fe-4460-a12f-8b5513fe6a30,c8889f66-3499-4abc-80a1-2f5757cd0550,One of the items was already spoiled when I got home.,"Unfortunately, we will not be able to refund this bundle. All produce placed into this bundle was quality and date checked by a member of our team.",DENIED
9109582d-0596-416f-afdd-c9b2a37c7b93,7de7a695-99d4-4faf-9c35-a2e9de3f7fcb,f8f749f2-068d-4027-be98-02090d4f36fe,I collected my bundle but there were missing items.,We apologise for this. This is not acceptable. We will refund you for this bundle.,APPROVED
7cf81e3b-19ea-4e1d-b1a9-16e9d4b9c553,6f048392-66bf-47be-85fa-92ceeabe325d,92233ce5-e0d1-47b1-9722-00d0c4d9996c,I was spoken to rudely by a member of staff when collecting the bundle.,"Unfortunately, we will not be able to refund this bundle. We have spoken to the staff member you interacted with and they claim to not have been rude.",DENIED
5e6738a6-d6a5-4cde-a9d6-cae86bd1d41e,c158b9b3-a2f7-44ff-8471-5a4ba6a4b70e,92233ce5-e0d1-47b1-9722-00d0c4d9996c,I collected my bundle but there were missing items.,We apologise for this. This is not acceptable. We will refund you for this bundle.,APPROVED
c8236f82-5052-48ba-b4cf-567641e4fc1c,51ce3495-cf82-445c-aaa9-1f95ef3a694e,046a72cd-ba93-439a-9d76-80adb8250be0,I was spoken to rudely by a member of staff when collecting the bundle.,"Unfortunately, we will not be able to refund this bundle. We have spoken to the staff member you interacted with and they claim to not have been rude.",DENIED
5935e46f-22bd-4abf-8ca7-5eaddca2cfe7,83536e01-87cb-493f-9092-9a23e5940c80,3cdd20b4-f7cd-40a4-8004-f816ec230b1a,I collected my bundle but there were missing items.,We apologise for this. This is not acceptable. We will refund you for this bundle.,APPROVED
56013fa2-d798-4e96-b15c-4ad0e027fc51,8094d222-b53a-4749-b29f-f1a7ddffad0f,e27daa6e-3e67-4d51-8ac0-cc73c621fd40,I was spoken to rudely by a member of staff when collecting the bundle.,"Unfortunately, we will not be able to refund this bundle. We have spoken to the staff member you interacted with and they claim to not have been rude.",DENIED
a12609e7-14f2-416d-8dd2-a689d48564ec,74ae7481-aca2-424b-bbd6-3577a6c732dc,517f0db2-bb8d-4b33-a1d5-ca8ada4dc130,One of the items was already spoiled when I got home.,"Unfortunately, we will not be able to refund this bundle. All produce placed into this bundle was quality and date checked by a member of our team.",DENIED
89433040-1787-4d4d-985f-16100ce0fb17,5b324f9c-9b4a-4d4b-a4c3-197f5c56afe0,56950fba-9693-4032-a977-f931c78ac77d,The items in my bundle do not match the description.,"Unfortunately, we will not be able to refund this bundle. We are able to confirm that this bundle did match the description.",DENIED
4e1aff04-8d09-40cf-94d4-ca7ddb62b4a6,6f72e0e0-1b4c-470f-b9ba-bd90bff91a3d,b2a96f86-86a1-4b87-b406-23e8d789c14b,One of the items was already spoiled when I got home.,"Unfortunately, we will not be able to refund this bundle. All produce placed into this bundle was quality and date checked by a member of our team.",DENIED
0cca5517-de01-4096-987e-892f597c2819,81ecd8af-fca5-43e3-aa9b-5eff1107d4b5,b2a96f86-86a1-4b87-b406-23e8d789c14b,I was spoken to rudely by a member of staff when collecting the bundle.,"Unfortunately, we will not be able to refund this bundle. We have spoken to the staff member you interacted with and they claim to not have been rude.",DENIED
5cc381ff-896f-4026-97ab-e38de29950b9,976a1cc9-3bff-4117-bd74-3bdb8ed4b703,f8f749f2-068d-4027-be98-02090d4f36fe,The items in my bundle do not match the description.,"Unfortunately, we will not be able to refund this bundle. We are able to confirm that this bundle did match the description.",DENIED
d6dd7729-790a-45bf-9c2c-25b569143345,0c2eec71-f162-4af2-b1d1-3c2ced3b6dff,0085a9a8-b124-44e7-8cb3-141046bc183e,I arrived during the pickup window but the shop was already closed.,"Unfortunately, we will not be able to refund this bundle. We did not close early on this date.",DENIED
ada588e8-18c9-4074-94f0-a715d5690793,31c872d6-7c49-4e6a-8d78-425f36b71b43,8da7113a-8d38-4500-bc1d-2280b1ae3ce2,One of the items was already spoiled when I got home.,"Unfortunately, we will not be able to refund this bundle. All produce placed into this bundle was quality and date checked by a member of our team.",DENIED
e7c7c417-c077-44ff-a1f3-63011a4916e3,f3c329ee-2255-456a-8a9e-c27d2b2f028a,c3d3af36-d366-482c-944f-ee9d88205a02,The items in my bundle do not match the description.,We apologise for this issue. We incorrectly labelled this bundle. We will refund you for this bundle.,APPROVED
cf1584a6-3d02-4255-9b56-e920584c9992,a54c3310-0821-4199-a6e0-644129b4766c,3cdd20b4-f7cd-40a4-8004-f816ec230b1a,I was spoken to rudely by a member of staff when collecting the bundle.,"Unfortunately, we will not be able to refund this bundle. We have spoken to the staff member you interacted with and they claim to not have been rude.",DENIED
85212515-38af-4032-9793-d199ffef5b34,9363cdd3-27aa-4827-ae6b-c63204355cce,22c4d814-1516-45f9-9354-3640c8e65f07,The items in my bundle do not match the description.,"Unfortunately, we will not be able to refund this bundle. We are able to confirm that this bundle did match the description.",DENIED
f35c23e4-72a1-4572-84fe-d041f86b2a7d,0df61ba6-a8f3-4cb6-99a6-926a8bb572c3,1a81370b-d2b9-4cb1-badc-6b7a4612a69a,One of the items was already spoiled when I got home.,"Unfortunately, we will not be able to refund this bundle. All produce placed into this bundle was quality and date checked by a member of our team.",DENIED
db52c4fa-d271-48c0-8188-03cc6c4bb13d,30ce8712-ac53-422a-a388-23dfc34d3924,0085a9a8-b124-44e7-8cb3-141046bc183e,I collected my bundle but there were missing items.,"Unfortunately, we will not be able to refund this bundle. We know that all items were placed inside this bundle",DENIED
1971b729-5cbc-4b9c-9d2a-36e81b9107ac,50221b9f-cc24-4652-9632-830a5c23de10,80c0fe78-5e8d-4a07-a571-11013f3dac9c,I arrived during the pickup window but the shop was already closed.,We apologise for this issue. We had to close early due to an issue. We will refund you for this bundle.,APPROVED
573f860a-a6cd-4235-92cb-ea2e31ff6c18,8034a6e6-bea8-4cc2-aca3-bd1c7b7b0574,92233ce5-e0d1-47b1-9722-00d0c4d9996c,The items in my bundle do not match the description.,We apologise for this issue. We incorrectly labelled this bundle. We will refund you for this bundle.,APPROVED
17af03b7-43f6-486a-b55d-4e850e65e2c7,515f937c-8b4c-4969-a23e-2c0fa8b67c59,9ab7d98a-a260-46ec-8aab-d3235a493e22,One of the items was already spoiled when I got home.,This is unacceptable. We are deeply sorry for this. We will refund you for this bundle.,APPROVED
1832c4d7-ce0f-4fd2-9fad-5bc19536b3e1,90b2d4f6-3435-448d-a243-c450082e508f,c3d3af36-d366-482c-944f-ee9d88205a02,I was spoken to rudely by a member of staff when collecting the bundle.,"Unfortunately, we will not be able to refund this bundle. We have spoken to the staff member you interacted with and they claim to not have been rude.",DENIED
0f6952d9-9e41-41c1-ada2-50b971772240,f9722c5d-4e67-4327-8cf7-3334eaabce06,c8889f66-3499-4abc-80a1-2f5757cd0550,One of the items was already spoiled when I got home.,"Unfortunately, we will not be able to refund this bundle. All produce placed into this bundle was quality and date checked by a member of our team.",DENIED
9dd586b8-dfb8-40e2-bbf8-8bf5dc13c50f,259a8f3e-2619-4080-89f2-5dfd2714e222,1a81370b-d2b9-4cb1-badc-6b7a4612a69a,The items in my bundle do not match the description.,We apologise for this issue. We incorrectly labelled this bundle. We will refund you for this bundle.,APPROVED
c07542d3-1cd2-4c79-9e00-9d87e61cf12b,6f72e0e0-1b4c-470f-b9ba-bd90bff91a3d,ba358b7b-355f-4942-b1c5-222a5b8efef0,The items in my bundle do not match the description.,"Unfortunately, we will not be able to refund this bundle. We are able to confirm that this bundle did match the description.",DENIED
027b07d6-52fb-40f4-80af-53ca9cbf338d,31f4e8b0-c7c4-40f9-b0aa-3194a1aedd5a,412bf86d-6c5e-40b4-94ac-403cc110a119,One of the items was already spoiled when I got home.,This is unacceptable. We are deeply sorry for this. We will refund you for this bundle.,APPROVED
ac027d80-f081-41ee-9aba-3e92e2df81d8,3f1e9cc7-b258-42fa-8e04-97dc93198ee8,0085a9a8-b124-44e7-8cb3-141046bc183e,One of the items was already spoiled when I got home.,This is unacceptable. We are deeply sorry for this. We will refund you for this bundle.,APPROVED
c5980c8d-f582-4dd5-861f-333b070bb4b9,5b324f9c-9b4a-4d4b-a4c3-197f5c56afe0,517f0db2-bb8d-4b33-a1d5-ca8ada4dc130,I was spoken to rudely by a member of staff when collecting the bundle.,"Unfortunately, we will not be able to refund this bundle. We have spoken to the staff member you interacted with and they claim to not have been rude.",DENIED
a10501ac-6717-46f9-8154-855622e5940c,e48311d5-8ae5-4870-bf3e-6ccf4da97399,412bf86d-6c5e-40b4-94ac-403cc110a119,One of the items was already spoiled when I got home.,This is unacceptable. We are deeply sorry for this. We will refund you for this bundle.,APPROVED
61b67b62-c9da-490a-9f06-b116a35ceb02,259a8f3e-2619-4080-89f2-5dfd2714e222,c3d3af36-d366-482c-944f-ee9d88205a02,I arrived during the pickup window but the shop was already closed.,We apologise for this issue. We had to close early due to an issue. We will refund you for this bundle.,APPROVED
582cbda8-ffba-446b-a5b9-b2500360b878,5cf74642-ea02-4114-9fc8-c7aea565d2a1,22c4d814-1516-45f9-9354-3640c8e65f07,The items in my bundle do not match the description.,"Unfortunately, we will not be able to refund this bundle. We are able to confirm that this bundle did match the description.",DENIED
c2630d0e-45ea-420b-80c7-cf5f552e908d,282a403d-63bf-43d2-b92c-e0c0fc07ea31,224ac6b1-9c09-4247-bb31-1f3a65903eb3,I was spoken to rudely by a member of staff when collecting the bundle.,"Unfortunately, we will not be able to refund this bundle. We have spoken to the staff member you interacted with and they claim to not have been rude.",DENIED
01aa18c2-09a8-4436-98b0-fe6ff5ce30a1,aa8216ea-4c6a-4a25-aa1b-fe629b91a96b,8da7113a-8d38-4500-bc1d-2280b1ae3ce2,I was spoken to rudely by a member of staff when collecting the bundle.,"Unfortunately, we will not be able to refund this bundle. We have spoken to the staff member you interacted with and they claim to not have been rude.",DENIED
924940a8-36f0-47b9-b7af-c9cfb589dacd,3f1e9cc7-b258-42fa-8e04-97dc93198ee8,224ac6b1-9c09-4247-bb31-1f3a65903eb3,The items in my bundle do not match the description.,"Unfortunately, we will not be able to refund this bundle. We are able to confirm that this bundle did match the description.",DENIED
c8aeba13-d0b6-443c-ba79-0d760b425270,50221b9f-cc24-4652-9632-830a5c23de10,fa4c555e-72f6-4d8c-8ab2-8b9f2a592993,I arrived during the pickup window but the shop was already closed.,"Unfortunately, we will not be able to refund this bundle. We did not close early on this date.",DENIED
d440d4e3-a284-4d57-bcd4-5a2d0a325ef1,adba5a51-cb8b-41e4-8821-fa01d5d13ab2,1a07fa2b-b9e1-44cc-938c-88534eacef52,One of the items was already spoiled when I got home.,This is unacceptable. We are deeply sorry for this. We will refund you for this bundle.,APPROVED
9a75d1af-395c-4603-ac09-44efec128b74,83dc1333-98a0-44cc-a5c0-549384f235b0,0085a9a8-b124-44e7-8cb3-141046bc183e,One of the items was already spoiled when I got home.,"Unfortunately, we will not be able to refund this bundle. All produce placed into this bundle was quality and date checked by a member of our team.",DENIED
114137f5-f08a-44a3-b883-66449e9eaf70,a81de005-2c2b-4bc2-b6f7-4745207c4660,c3d3af36-d366-482c-944f-ee9d88205a02,I collected my bundle but there were missing items.,"Unfortunately, we will not be able to refund this bundle. We know that all items were placed inside this bundle",DENIED
05d27b8c-d140-477f-a8aa-69d745ff4a6c,f86ba3b1-2e91-4d30-b276-d93c964c2b69,1a07fa2b-b9e1-44cc-938c-88534eacef52,I was spoken to rudely by a member of staff when collecting the bundle.,"Unfortunately, we will not be able to refund this bundle. We have spoken to the staff member you interacted with and they claim to not have been rude.",DENIED
421aad50-ab6a-412c-92d2-2c23ec706358,bf6bd377-f15e-40c9-97e1-564f15481a42,953b29b3-d8c6-42da-a4ea-fa6732d705a5,I was spoken to rudely by a member of staff when collecting the bundle.,We are incredibly sorry for your experience. This is not the standard we expect from our staff. We will refund you for this bundle.,APPROVED
cdd66aa8-1591-49a5-8299-59d014b8eef6,30522f05-892d-4e6e-969b-4179fbc01113,dfc9a97b-0ac4-43cf-9169-040389892f81,The items in my bundle do not match the description.,"Unfortunately, we will not be able to refund this bundle. We are able to confirm that this bundle did match the description.",DENIED
48d21194-7437-4c15-822c-ac3d23fc8b6c,83536e01-87cb-493f-9092-9a23e5940c80,22c4d814-1516-45f9-9354-3640c8e65f07,I arrived during the pickup window but the shop was already closed.,"Unfortunately, we will not be able to refund this bundle. We did not close early on this date.",DENIED
7a39fa6f-fae1-4ce2-aa54-491323f385d6,c912db7a-0a47-40c5-bb35-c18dd8381fd4,92233ce5-e0d1-47b1-9722-00d0c4d9996c,The items in my bundle do not match the description.,We apologise for this issue. We incorrectly labelled this bundle. We will refund you for this bundle.,APPROVED
e9701e82-7ea2-4396-b529-c11f2d22da44,74ae7481-aca2-424b-bbd6-3577a6c732dc,1a81370b-d2b9-4cb1-badc-6b7a4612a69a,The items in my bundle do not match the description.,"Unfortunately, we will not be able to refund this bundle. We are able to confirm that this bundle did match the description.",DENIED
fabd9807-1ed6-4966-a132-0e193398d1a1,020ac99d-e544-441e-aad5-91996c46de78,1a07fa2b-b9e1-44cc-938c-88534eacef52,The items in my bundle do not match the description.,"Unfortunately, we will not be able to refund this bundle. We are able to confirm that this bundle did match the description.",DENIED
eb909254-403d-41f8-a9cb-f21f55aa41de,9ae9ca41-b47c-47fe-b76a-5621983f7539,1a07fa2b-b9e1-44cc-938c-88534eacef52,I was spoken to rudely by a member of staff when collecting the bundle.,"Unfortunately, we will not be able to refund this bundle. We have spoken to the staff member you interacted with and they claim to not have been rude.",DENIED
474bd4f7-5977-4e95-906d-2b908f65caa9,b3be2d54-f1cf-4138-b4f3-e7f3c2981d9b,c8889f66-3499-4abc-80a1-2f5757cd0550,I was spoken to rudely by a member of staff when collecting the bundle.,"Unfortunately, we will not be able to refund this bundle. We have spoken to the staff member you interacted with and they claim to not have been rude.",DENIED
b12ac1f6-9bc2-45a8-abec-3496eba428d2,dfd88125-dd44-4ded-92c3-510bbabc4124,c3d3af36-d366-482c-944f-ee9d88205a02,One of the items was already spoiled when I got home.,"Unfortunately, we will not be able to refund this bundle. All produce placed into this bundle was quality and date checked by a member of our team.",DENIED
10eedf64-d6ad-4ab8-b223-0319b4143cec,3e6ce8d1-8e31-4ffc-9dac-510db600cfc6,80c0fe78-5e8d-4a07-a571-11013f3dac9c,I was spoken to rudely by a member of staff when collecting the bundle.,"Unfortunately, we will not be able to refund this bundle. We have spoken to the staff member you interacted with and they claim to not have been rude.",DENIED
58f7378f-ffce-4a27-9e3e-3029933e3b2b,ac243485-819d-40e5-8a96-6d803848d524,4d70cd26-6337-45aa-8a8e-6ee2a45c9267,The items in my bundle do not match the description.,We apologise for this issue. We incorrectly labelled this bundle. We will refund you for this bundle.,APPROVED
9e498146-9979-4156-b8e3-ebaf8fdebccd,4f6e0210-04f6-40ca-af44-e6f17d9415fd,e27daa6e-3e67-4d51-8ac0-cc73c621fd40,I collected my bundle but there were missing items.,"Unfortunately, we will not be able to refund this bundle. We know that all items were placed inside this bundle",DENIED
621a2e5b-d2b4-4779-b1ff-6bbb7852d97f,499b2537-6564-41e6-ad9b-b23251fddd6d,ba358b7b-355f-4942-b1c5-222a5b8efef0,The items in my bundle do not match the description.,"Unfortunately, we will not be able to refund this bundle. We are able to confirm that this bundle did match the description.",DENIED
3c106dbd-cfb1-4668-b779-1d8a2561f99f,823ab5fb-9a2f-4162-9bfe-eb6f49c6b0db,f8f749f2-068d-4027-be98-02090d4f36fe,One of the items was already spoiled when I got home.,This is unacceptable. We are deeply sorry for this. We will refund you for this bundle.,APPROVED
a3a9e0c2-52ca-47c9-9ed4-c24ce05897b2,adba5a51-cb8b-41e4-8821-fa01d5d13ab2,9ab7d98a-a260-46ec-8aab-d3235a493e22,I arrived during the pickup window but the shop was already closed.,"Unfortunately, we will not be able to refund this bundle. We did not close early on this date.",DENIED
fcae23b0-e254-4b7f-916d-26fc5527c49f,181c2836-24fd-448a-b7c4-f4d4d340e9f2,c8889f66-3499-4abc-80a1-2f5757cd0550,I was spoken to rudely by a member of staff when collecting the bundle.,We are incredibly sorry for your experience. This is not the standard we expect from our staff. We will refund you for this bundle.,APPROVED
81c53617-5110-4a49-a7e3-2e4bf195bb8d,a0ec453d-959b-4cfe-91cd-851a4c387513,92233ce5-e0d1-47b1-9722-00d0c4d9996c,I was spoken to rudely by a member of staff when collecting the bundle.,"Unfortunately, we will not be able to refund this bundle. We have spoken to the staff member you interacted with and they claim to not have been rude.",DENIED
cf5f4fb6-d811-4575-b9bf-cc644d6e118c,8ab028a7-daf2-48c4-974c-c6d53c61f8b5,56950fba-9693-4032-a977-f931c78ac77d,One of the items was already spoiled when I got home.,"Unfortunately, we will not be able to refund this bundle. All produce placed into this bundle was quality and date checked by a member of our team.",DENIED
a670528f-b42f-40c5-9c12-e3e73df79223,52e1279e-87fc-4079-88b6-a0de7ec6e9ac,dfc9a97b-0ac4-43cf-9169-040389892f81,I collected my bundle but there were missing items.,We apologise for this. This is not acceptable. We will refund you for this bundle.,APPROVED
dc0505b3-10ae-4984-9b16-37eb1e7573c5,67cb17a6-ce1d-4095-af9c-d7cd2fe6ad1f,dfc9a97b-0ac4-43cf-9169-040389892f81,I was spoken to rudely by a member of staff when collecting the bundle.,"Unfortunately, we will not be able to refund this bundle. We have spoken to the staff member you interacted with and they claim to not have been rude.",DENIED
51d7aa8f-d8dd-493f-9a8e-1908101a5dfc,30522f05-892d-4e6e-969b-4179fbc01113,953b29b3-d8c6-42da-a4ea-fa6732d705a5,The items in my bundle do not match the description.,"Unfortunately, we will not be able to refund this bundle. We are able to confirm that this bundle did match the description.",DENIED
737c44c1-10a3-4dec-b652-d995ebaf5bf8,cf7a3a74-21a0-4fdf-98ee-6e1f7cd96b70,412bf86d-6c5e-40b4-94ac-403cc110a119,I was spoken to rudely by a member of staff when collecting the bundle.,"Unfortunately, we will not be able to refund this bundle. We have spoken to the staff member you interacted with and they claim to not have been rude.",DENIED
c7ae88f5-57f7-4559-993e-a8331aa58890,3c02e79a-837d-4dcf-9c06-d06446626b56,80c0fe78-5e8d-4a07-a571-11013f3dac9c,I arrived during the pickup window but the shop was already closed.,We apologise for this issue. We had to close early due to an issue. We will refund you for this bundle.,APPROVED
0b04d5df-f1a5-4f8a-9322-29d626e48521,5b43d478-3e19-408a-8fe7-b292d18194d5,046a72cd-ba93-439a-9d76-80adb8250be0,I was spoken to rudely by a member of staff when collecting the bundle.,"Unfortunately, we will not be able to refund this bundle. We have spoken to the staff member you interacted with and they claim to not have been rude.",DENIED
db59328d-2986-487d-b1f9-e46e006c65f9,d6d4af38-d081-425b-ac0b-b615bd4fddc4,4d70cd26-6337-45aa-8a8e-6ee2a45c9267,I collected my bundle but there were missing items.,"Unfortunately, we will not be able to refund this bundle. We know that all items were placed inside this bundle",DENIED
7267012d-6bdc-4962-8472-f43aa22f79a1,ac243485-819d-40e5-8a96-6d803848d524,4d70cd26-6337-45aa-8a8e-6ee2a45c9267,One of the items was already spoiled when I got home.,"Unfortunately, we will not be able to refund this bundle. All produce placed into this bundle was quality and date checked by a member of our team.",DENIED
71803a0d-c6bf-4a22-8e99-975e5b221996,8094d222-b53a-4749-b29f-f1a7ddffad0f,fa4c555e-72f6-4d8c-8ab2-8b9f2a592993,The items in my bundle do not match the description.,"Unfortunately, we will not be able to refund this bundle. We are able to confirm that this bundle did match the description.",DENIED
7d57f69b-3b89-41b1-8bd7-9df57eb8bfe8,98da1096-6d9c-41aa-9efd-fa384b548945,412bf86d-6c5e-40b4-94ac-403cc110a119,I collected my bundle but there were missing items.,"Unfortunately, we will not be able to refund this bundle. We know that all items were placed inside this bundle",DENIED
1e15afea-aaf9-4573-9aa5-0f376fe63620,86c50f91-b2ec-43a0-9130-7d0b978d9f67,c8889f66-3499-4abc-80a1-2f5757cd0550,One of the items was already spoiled when I got home.,"Unfortunately, we will not be able to refund this bundle. All produce placed into this bundle was quality and date checked by a member of our team.",DENIED
b3790c9c-cf54-40c1-b3f2-64bfb137cbd2,e77d8311-c80d-4781-9c97-ea77b853be1e,ba358b7b-355f-4942-b1c5-222a5b8efef0,I arrived during the pickup window but the shop was already closed.,"Unfortunately, we will not be able to refund this bundle. We did not close early on this date.",DENIED
87c15b98-0706-42b2-8808-b7c1de4273db,81a5af66-64f2-4f36-8e21-22f2b5f1c1c1,412bf86d-6c5e-40b4-94ac-403cc110a119,The items in my bundle do not match the description.,We apologise for this issue. We incorrectly labelled this bundle. We will refund you for this bundle.,APPROVED
8ab528f0-bef7-4433-9179-c99904b5a220,30ce8712-ac53-422a-a388-23dfc34d3924,c3d3af36-d366-482c-944f-ee9d88205a02,The items in my bundle do not match the description.,We apologise for this issue. We incorrectly labelled this bundle. We will refund you for this bundle.,APPROVED
d84b9b7b-545d-4f5e-be60-1fb36e2638b8,a1b265af-566f-4718-ac66-f5cd3561488c,fa4c555e-72f6-4d8c-8ab2-8b9f2a592993,I arrived during the pickup window but the shop was already closed.,We apologise for this issue. We had to close early due to an issue. We will refund you for this bundle.,APPROVED
b5381a23-f0dc-4d90-b2b9-99f06a2b128e,5b324f9c-9b4a-4d4b-a4c3-197f5c56afe0,4d70cd26-6337-45aa-8a8e-6ee2a45c9267,The items in my bundle do not match the description.,"Unfortunately, we will not be able to refund this bundle. We are able to confirm that this bundle did match the description.",DENIED
f61becc1-0eba-4397-8c07-223c0cdadc9c,3fbfff61-b783-4b10-9a7a-398eb85f4c47,22c4d814-1516-45f9-9354-3640c8e65f07,I was spoken to rudely by a member of staff when collecting the bundle.,We are incredibly sorry for your experience. This is not the standard we expect from our staff. We will refund you for this bundle.,APPROVED
65a64c58-35df-48aa-889d-1b18c0d75220,20c6bff8-61d7-4cbb-841a-02e6091a1537,1a07fa2b-b9e1-44cc-938c-88534eacef52,The items in my bundle do not match the description.,We apologise for this issue. We incorrectly labelled this bundle. We will refund you for this bundle.,APPROVED
4703ddbe-27ba-40bf-8519-80fe21fcd3c3,b3bcbd0e-46f3-4a2f-bb75-ed0da7c55b9c,92233ce5-e0d1-47b1-9722-00d0c4d9996c,The items in my bundle do not match the description.,"Unfortunately, we will not be able to refund this bundle. We are able to confirm that this bundle did match the description.",DENIED
0c463e2a-bcef-486b-a6b8-af56380c2bb7,b8decf6f-c98c-41fd-8238-2dd6624d005c,1a07fa2b-b9e1-44cc-938c-88534eacef52,I arrived during the pickup window but the shop was already closed.,"Unfortunately, we will not be able to refund this bundle. We did not close early on this date.",DENIED
1056fcf9-ab37-4365-ab0e-b38d8bfe4aa5,401a97e9-7734-4c5c-be73-de84f6dcb5a4,80c0fe78-5e8d-4a07-a571-11013f3dac9c,The items in my bundle do not match the description.,We apologise for this issue. We incorrectly labelled this bundle. We will refund you for this bundle.,APPROVED
a8f5fb63-afd4-4cc3-bf25-90af03bb0eaf,38265b26-15dd-41e1-bfcd-5be20981d231,22c4d814-1516-45f9-9354-3640c8e65f07,I arrived during the pickup window but the shop was already closed.,"Unfortunately, we will not be able to refund this bundle. We did not close early on this date.",DENIED
6df70856-05b3-4eec-8959-e79b0b9f1339,499b2537-6564-41e6-ad9b-b23251fddd6d,22c4d814-1516-45f9-9354-3640c8e65f07,One of the items was already spoiled when I got home.,"Unfortunately, we will not be able to refund this bundle. All produce placed into this bundle was quality and date checked by a member of our team.",DENIED
4ca61387-4e3e-4420-8491-9020ce5d3a4c,4038a371-cc1c-43bb-928c-903e0b1fc2f6,80c0fe78-5e8d-4a07-a571-11013f3dac9c,I arrived during the pickup window but the shop was already closed.,"Unfortunately, we will not be able to refund this bundle. We did not close early on this date.",DENIED
aa0b9c9d-9f3d-4e86-96a8-56a3ef3acc23,94a925b0-223f-4e8a-b2a5-52ae3f2e2a10,3cdd20b4-f7cd-40a4-8004-f816ec230b1a,I collected my bundle but there were missing items.,"Unfortunately, we will not be able to refund this bundle. We know that all items were placed inside this bundle",DENIED
116fa330-ffb6-4500-8c2d-e8e62b49196b,5ce79395-bf16-434d-9376-67dea4076487,b2a96f86-86a1-4b87-b406-23e8d789c14b,I arrived during the pickup window but the shop was already closed.,"Unfortunately, we will not be able to refund this bundle. We did not close early on this date.",DENIED
fe016299-aa46-4ce1-a909-6f9934f43c75,6595ba98-e673-457a-8478-990d05a5b4cd,fa4c555e-72f6-4d8c-8ab2-8b9f2a592993,The items in my bundle do not match the description.,"Unfortunately, we will not be able to refund this bundle. We are able to confirm that this bundle did match the description.",DENIED
40e6ec4e-cd3a-442f-bde0-488d8643658b,a6db9729-7070-4318-bcd2-d4e066d459f4,2f2530fe-56a0-4069-b06d-83a578929129,One of the items was already spoiled when I got home.,"Unfortunately, we will not be able to refund this bundle. All produce placed into this bundle was quality and date checked by a member of our team.",DENIED
e6239e7f-9953-471d-a4fb-7077c9856a3f,7a5d807c-4987-4230-a059-19d79b6cafef,dfc9a97b-0ac4-43cf-9169-040389892f81,One of the items was already spoiled when I got home.,"Unfortunately, we will not be able to refund this bundle. All produce placed into this bundle was quality and date checked by a member of our team.",DENIED
f650b6c6-5c21-456d-a372-d00b733f1472,46d064a7-bd67-4875-a137-4da490230eca,3cdd20b4-f7cd-40a4-8004-f816ec230b1a,I arrived during the pickup window but the shop was already closed.,"Unfortunately, we will not be able to refund this bundle. We did not close early on this date.",DENIED
9521673b-0127-4a22-80a1-0202d5fb0138,0b1cc3a0-b7da-414a-a1fd-a5c65ae25287,dfc9a97b-0ac4-43cf-9169-040389892f81,I collected my bundle but there were missing items.,"Unfortunately, we will not be able to refund this bundle. We know that all items were placed inside this bundle",DENIED
9469a46c-bc9f-44b5-af85-6fa1385cb08c,b60c9fd4-63f0-4fcc-a877-f34557fa3525,224ac6b1-9c09-4247-bb31-1f3a65903eb3,I arrived during the pickup window but the shop was already closed.,"Unfortunately, we will not be able to refund this bundle. We did not close early on this date.",DENIED
00634dae-a3da-4197-8ac6-c54d8ad196e3,86c50f91-b2ec-43a0-9130-7d0b978d9f67,ba358b7b-355f-4942-b1c5-222a5b8efef0,I arrived during the pickup window but the shop was already closed.,"Unfortunately, we will not be able to refund this bundle. We did not close early on this date.",DENIED
b733235d-70fe-4acd-9c85-644492adf37f,d5782b96-af48-4613-bc8b-ba86b682dda4,1a81370b-d2b9-4cb1-badc-6b7a4612a69a,I was spoken to rudely by a member of staff when collecting the bundle.,"Unfortunately, we will not be able to refund this bundle. We have spoken to the staff member you interacted with and they claim to not have been rude.",DENIED
2bd77da4-d045-4b4e-9fe6-50f46718a746,de6ab937-c4f7-4ece-8362-1563ac038b6f,1a81370b-d2b9-4cb1-badc-6b7a4612a69a,I arrived during the pickup window but the shop was already closed.,We apologise for this issue. We had to close early due to an issue. We will refund you for this bundle.,APPROVED
4689f15e-1166-4369-8f9f-8482d34e0204,b3f7b1b6-7a5e-4af1-8cb9-4de97ffe61b5,046a72cd-ba93-439a-9d76-80adb8250be0,One of the items was already spoiled when I got home.,"Unfortunately, we will not be able to refund this bundle. All produce placed into this bundle was quality and date checked by a member of our team.",DENIED
aa997258-1bcc-4a73-ad99-c5afa25994c3,d7b16614-9150-44cb-ba1e-cb6a3bc7a80e,f8f749f2-068d-4027-be98-02090d4f36fe,The items in my bundle do not match the description.,We apologise for this issue. We incorrectly labelled this bundle. We will refund you for this bundle.,APPROVED
d9b64cec-4593-4100-858f-ffc602830ca5,81ecd8af-fca5-43e3-aa9b-5eff1107d4b5,224ac6b1-9c09-4247-bb31-1f3a65903eb3,The items in my bundle do not match the description.,"Unfortunately, we will not be able to refund this bundle. We are able to confirm that this bundle did match the description.",DENIED
64a147f4-3e26-4338-b44a-2c4b8805566b,3c02e79a-837d-4dcf-9c06-d06446626b56,1a07fa2b-b9e1-44cc-938c-88534eacef52,I collected my bundle but there were missing items.,We apologise for this. This is not acceptable. We will refund you for this bundle.,APPROVED
abb8d759-cccb-4ded-bd10-7acf102d96bc,d1465d63-e6ad-455f-a6a8-1cbd084c2276,f8f749f2-068d-4027-be98-02090d4f36fe,I collected my bundle but there were missing items.,"Unfortunately, we will not be able to refund this bundle. We know that all items were placed inside this bundle",DENIED
06b72bc1-7d7b-431f-b9c7-b804cbfb25cc,823ab5fb-9a2f-4162-9bfe-eb6f49c6b0db,4d70cd26-6337-45aa-8a8e-6ee2a45c9267,The items in my bundle do not match the description.,We apologise for this issue. We incorrectly labelled this bundle. We will refund you for this bundle.,APPROVED
f94253ea-cbd8-4fec-9f4e-218aa5fde962,52e1279e-87fc-4079-88b6-a0de7ec6e9ac,0085a9a8-b124-44e7-8cb3-141046bc183e,I was spoken to rudely by a member of staff when collecting the bundle.,We are incredibly sorry for your experience. This is not the standard we expect from our staff. We will refund you for this bundle.,APPROVED
53c6e27f-3617-48be-9510-d9b08a1681c9,8be66b52-3b9e-4d71-93fa-ac87f049f6f9,4d70cd26-6337-45aa-8a8e-6ee2a45c9267,The items in my bundle do not match the description.,We apologise for this issue. We incorrectly labelled this bundle. We will refund you for this bundle.,APPROVED
cb74cf5c-281f-4a8b-8005-fe9a5538a231,0d05b68d-1369-4cd6-97c9-7c911b0c7d6d,4d70cd26-6337-45aa-8a8e-6ee2a45c9267,One of the items was already spoiled when I got home.,"Unfortunately, we will not be able to refund this bundle. All produce placed into this bundle was quality and date checked by a member of our team.",DENIED
6f2508c7-1d21-4122-9778-669ae3ac1312,07ad68f3-b96a-4cad-8417-83415f96c597,22c4d814-1516-45f9-9354-3640c8e65f07,I was spoken to rudely by a member of staff when collecting the bundle.,We are incredibly sorry for your experience. This is not the standard we expect from our staff. We will refund you for this bundle.,APPROVED
4ae57a52-b4eb-4d19-bed2-afb288821f9a,ef34b21f-1051-46d8-bb70-eb0780039113,8da7113a-8d38-4500-bc1d-2280b1ae3ce2,I arrived during the pickup window but the shop was already closed.,"Unfortunately, we will not be able to refund this bundle. We did not close early on this date.",DENIED
af372cdb-7966-42c1-9a42-f5235f3be87c,41da9f06-03c1-4d16-b70f-3e9e9196cb54,0085a9a8-b124-44e7-8cb3-141046bc183e,I collected my bundle but there were missing items.,"Unfortunately, we will not be able to refund this bundle. We know that all items were placed inside this bundle",DENIED
f59b43dc-2da4-4bd4-aa04-953c1c1293a0,5810fa64-fa8f-48a0-abb2-2f90deaf5cb3,e27daa6e-3e67-4d51-8ac0-cc73c621fd40,I was spoken to rudely by a member of staff when collecting the bundle.,"Unfortunately, we will not be able to refund this bundle. We have spoken to the staff member you interacted with and they claim to not have been rude.",DENIED
a6618e53-6b5d-444c-8f21-3cd4e0bf551f,94351271-50e2-46bc-b065-596bb70b5d40,e27daa6e-3e67-4d51-8ac0-cc73c621fd40,I collected my bundle but there were missing items.,"Unfortunately, we will not be able to refund this bundle. We know that all items were placed inside this bundle",DENIED
783d374f-1daa-46ac-b501-9feb2a824ffd,8a04a5aa-f6e9-49ff-903f-eeadd16ada34,f8f749f2-068d-4027-be98-02090d4f36fe,I arrived during the pickup window but the shop was already closed.,We apologise for this issue. We had to close early due to an issue. We will refund you for this bundle.,APPROVED
25548d4d-6dcc-4c28-8ef6-d715bfc86bf7,575071b3-244c-4f3f-b6ea-8f8714fdd9a7,fa4c555e-72f6-4d8c-8ab2-8b9f2a592993,The items in my bundle do not match the description.,"Unfortunately, we will not be able to refund this bundle. We are able to confirm that this bundle did match the description.",DENIED
d6a079b8-eba1-4e26-843e-7aef783ed2dd,e5c84b3f-9c87-4c48-a1cf-5f7db6cd55e8,1a81370b-d2b9-4cb1-badc-6b7a4612a69a,One of the items was already spoiled when I got home.,"Unfortunately, we will not be able to refund this bundle. All produce placed into this bundle was quality and date checked by a member of our team.",DENIED
d143e348-62fb-4849-89ab-f180f88bbb56,30ce8712-ac53-422a-a388-23dfc34d3924,953b29b3-d8c6-42da-a4ea-fa6732d705a5,The items in my bundle do not match the description.,"Unfortunately, we will not be able to refund this bundle. We are able to confirm that this bundle did match the description.",DENIED
f19ae726-9f10-4b1b-92a5-8495ce11f50c,c4e55c1b-5a3d-4c59-950f-89ba8fe62bf1,2f2530fe-56a0-4069-b06d-83a578929129,I collected my bundle but there were missing items.,"Unfortunately, we will not be able to refund this bundle. We know that all items were placed inside this bundle",DENIED
3823fdfc-f2e8-44c8-a1c6-a3ce4b29ca4e,f06f6e6b-3237-4d81-a498-929b2a44154d,046a72cd-ba93-439a-9d76-80adb8250be0,I arrived during the pickup window but the shop was already closed.,We apologise for this issue. We had to close early due to an issue. We will refund you for this bundle.,APPROVED
3607cb26-f38d-4e49-a16e-237524c3686e,b60c9fd4-63f0-4fcc-a877-f34557fa3525,ba358b7b-355f-4942-b1c5-222a5b8efef0,I arrived during the pickup window but the shop was already closed.,"Unfortunately, we will not be able to refund this bundle. We did not close early on this date.",DENIED
470cb78f-7a29-470d-a5ee-b234141e3911,d6d4af38-d081-425b-ac0b-b615bd4fddc4,9ab7d98a-a260-46ec-8aab-d3235a493e22,One of the items was already spoiled when I got home.,This is unacceptable. We are deeply sorry for this. We will refund you for this bundle.,APPROVED
09d56ddf-59a5-4b25-b328-de2fbe1e96d2,931d79a0-6661-4e3f-bc66-bb4f7bdc03ba,dfc9a97b-0ac4-43cf-9169-040389892f81,The items in my bundle do not match the description.,"Unfortunately, we will not be able to refund this bundle. We are able to confirm that this bundle did match the description.",DENIED
a653d809-2884-4620-b70e-cd3fd6aadd79,33c2c738-526d-489f-97a7-2deaf275f820,92233ce5-e0d1-47b1-9722-00d0c4d9996c,I was spoken to rudely by a member of staff when collecting the bundle.,"Unfortunately, we will not be able to refund this bundle. We have spoken to the staff member you interacted with and they claim to not have been rude.",DENIED
7bf75995-c99b-4a7b-806b-6915568154fe,3848e932-633e-4d11-b1c5-679e58052e0e,517f0db2-bb8d-4b33-a1d5-ca8ada4dc130,I arrived during the pickup window but the shop was already closed.,"Unfortunately, we will not be able to refund this bundle. We did not close early on this date.",DENIED
6e5c8680-c282-45c1-a56e-82e4160ba0c8,de6ab937-c4f7-4ece-8362-1563ac038b6f,b2a96f86-86a1-4b87-b406-23e8d789c14b,One of the items was already spoiled when I got home.,"Unfortunately, we will not be able to refund this bundle. All produce placed into this bundle was quality and date checked by a member of our team.",DENIED
379dc018-6515-4a97-9249-10235d3844eb,6f837ae2-37e2-4f15-b127-2ec0b55b7280,1a81370b-d2b9-4cb1-badc-6b7a4612a69a,I collected my bundle but there were missing items.,"Unfortunately, we will not be able to refund this bundle. We know that all items were placed inside this bundle",DENIED
caaeaf22-4969-4011-9f80-6f05ac3fa5c0,90b2d4f6-3435-448d-a243-c450082e508f,e27daa6e-3e67-4d51-8ac0-cc73c621fd40,I was spoken to rudely by a member of staff when collecting the bundle.,We are incredibly sorry for your experience. This is not the standard we expect from our staff. We will refund you for this bundle.,APPROVED
c5f0e731-d64e-4482-8357-50a756fe7fb4,957b59ab-99e8-4d69-8002-b182eca930c1,c8889f66-3499-4abc-80a1-2f5757cd0550,I collected my bundle but there were missing items.,"Unfortunately, we will not be able to refund this bundle. We know that all items were placed inside this bundle",DENIED
b76264c5-fc45-4557-9dc5-abda46bd8305,f3c329ee-2255-456a-8a9e-c27d2b2f028a,3cdd20b4-f7cd-40a4-8004-f816ec230b1a,I collected my bundle but there were missing items.,"Unfortunately, we will not be able to refund this bundle. We know that all items were placed inside this bundle",DENIED
0008c445-c8c0-4bb5-92b5-901f8d336038,aa8216ea-4c6a-4a25-aa1b-fe629b91a96b,953b29b3-d8c6-42da-a4ea-fa6732d705a5,I was spoken to rudely by a member of staff when collecting the bundle.,"Unfortunately, we will not be able to refund this bundle. We have spoken to the staff member you interacted with and they claim to not have been rude.",DENIED
b3acecbf-fa3b-4a42-8a7c-c8447c1ec0d6,6a3d926b-0670-44f6-b3e3-efc29a7caa6c,4d70cd26-6337-45aa-8a8e-6ee2a45c9267,I collected my bundle but there were missing items.,We apologise for this. This is not acceptable. We will refund you for this bundle.,APPROVED
b6d725c1-fd1d-4ce6-85cb-e54cf15e12aa,6be22822-0eb7-47f1-b211-d6f14b09a081,2f2530fe-56a0-4069-b06d-83a578929129,One of the items was already spoiled when I got home.,"Unfortunately, we will not be able to refund this bundle. All produce placed into this bundle was quality and date checked by a member of our team.",DENIED
525f7523-8c9c-4a7f-a40b-b358be0d9884,3f1e9cc7-b258-42fa-8e04-97dc93198ee8,22c4d814-1516-45f9-9354-3640c8e65f07,One of the items was already spoiled when I got home.,"Unfortunately, we will not be able to refund this bundle. All produce placed into this bundle was quality and date checked by a member of our team.",DENIED
c2d9c803-d934-4ff9-97e2-182315bb6274,31c872d6-7c49-4e6a-8d78-425f36b71b43,8da7113a-8d38-4500-bc1d-2280b1ae3ce2,I collected my bundle but there were missing items.,We apologise for this. This is not acceptable. We will refund you for this bundle.,APPROVED
1491e4a0-1493-432c-a7f5-2c809ec59e1f,33c2c738-526d-489f-97a7-2deaf275f820,0085a9a8-b124-44e7-8cb3-141046bc183e,I collected my bundle but there were missing items.,"Unfortunately, we will not be able to refund this bundle. We know that all items were placed inside this bundle",DENIED
6dda7f09-f92b-4165-8d86-8738298933b2,2981b5c6-1dea-4c6b-bc7e-d730ba954dcf,22c4d814-1516-45f9-9354-3640c8e65f07,I arrived during the pickup window but the shop was already closed.,"Unfortunately, we will not be able to refund this bundle. We did not close early on this date.",DENIED
44820d6d-4759-4e8d-b1b5-9ee13fef93b3,4d4e031d-4cb2-4b56-a5e3-75e5cf5fda54,56950fba-9693-4032-a977-f931c78ac77d,One of the items was already spoiled when I got home.,"Unfortunately, we will not be able to refund this bundle. All produce placed into this bundle was quality and date checked by a member of our team.",DENIED
924c5611-353c-4029-a621-a0ef0dfe7893,ab7e5ca6-9d8d-4851-a8f6-0cb3c1488466,c3d3af36-d366-482c-944f-ee9d88205a02,I collected my bundle but there were missing items.,We apologise for this. This is not acceptable. We will refund you for this bundle.,APPROVED
ffe4c7b3-0d57-4d78-9b4f-eedab396c997,401a97e9-7734-4c5c-be73-de84f6dcb5a4,517f0db2-bb8d-4b33-a1d5-ca8ada4dc130,I arrived during the pickup window but the shop was already closed.,"Unfortunately, we will not be able to refund this bundle. We did not close early on this date.",DENIED
3b895504-0b26-4182-b09e-2ff63d800a13,d406c2c1-31ee-4ca7-b6db-fea5eb11afae,92233ce5-e0d1-47b1-9722-00d0c4d9996c,The items in my bundle do not match the description.,"Unfortunately, we will not be able to refund this bundle. We are able to confirm that this bundle did match the description.",DENIED
005c73fa-bf9b-4d17-9e92-575b7fc0dfe0,6f048392-66bf-47be-85fa-92ceeabe325d,ba358b7b-355f-4942-b1c5-222a5b8efef0,I was spoken to rudely by a member of staff when collecting the bundle.,"Unfortunately, we will not be able to refund this bundle. We have spoken to the staff member you interacted with and they claim to not have been rude.",DENIED
1ac1138f-7e40-4014-8bfd-4956a9151dda,51ce3495-cf82-445c-aaa9-1f95ef3a694e,224ac6b1-9c09-4247-bb31-1f3a65903eb3,I arrived during the pickup window but the shop was already closed.,We apologise for this issue. We had to close early due to an issue. We will refund you for this bundle.,APPROVED
deef6489-c2d1-4851-ad5e-26ddb33319d5,0d71f106-b8af-481f-9ae6-9d5768171176,56950fba-9693-4032-a977-f931c78ac77d,I collected my bundle but there were missing items.,"Unfortunately, we will not be able to refund this bundle. We know that all items were placed inside this bundle",DENIED
b5bf9c62-36b2-4398-8844-60e36fd0531d,7a5d807c-4987-4230-a059-19d79b6cafef,517f0db2-bb8d-4b33-a1d5-ca8ada4dc130,I was spoken to rudely by a member of staff when collecting the bundle.,We are incredibly sorry for your experience. This is not the standard we expect from our staff. We will refund you for this bundle.,APPROVED
f04199d2-ab2d-41a7-b38e-647525e1a02c,0d71f106-b8af-481f-9ae6-9d5768171176,412bf86d-6c5e-40b4-94ac-403cc110a119,One of the items was already spoiled when I got home.,"Unfortunately, we will not be able to refund this bundle. All produce placed into this bundle was quality and date checked by a member of our team.",DENIED
87e02550-2d45-4768-a6e0-536a413f09be,5810fa64-fa8f-48a0-abb2-2f90deaf5cb3,e27daa6e-3e67-4d51-8ac0-cc73c621fd40,I collected my bundle but there were missing items.,"Unfortunately, we will not be able to refund this bundle. We know that all items were placed inside this bundle",DENIED
bdf38b4f-47d3-4828-80e2-2ecfff870533,80975cc1-06b2-43a1-b68b-bc83360888ee,b2a96f86-86a1-4b87-b406-23e8d789c14b,I was spoken to rudely by a member of staff when collecting the bundle.,"Unfortunately, we will not be able to refund this bundle. We have spoken to the staff member you interacted with and they claim to not have been rude.",DENIED
1eaad66d-739d-4b4e-b4e0-421d3818e7f3,8a04a5aa-f6e9-49ff-903f-eeadd16ada34,046a72cd-ba93-439a-9d76-80adb8250be0,I was spoken to rudely by a member of staff when collecting the bundle.,"Unfortunately, we will not be able to refund this bundle. We have spoken to the staff member you interacted with and they claim to not have been rude.",DENIED
d3746f39-fa42-4a9c-b3d6-ba3ca6015ec5,c10e28f5-78ea-4bc5-9bb5-4f3e15dc2808,0085a9a8-b124-44e7-8cb3-141046bc183e,The items in my bundle do not match the description.,We apologise for this issue. We incorrectly labelled this bundle. We will refund you for this bundle.,APPROVED
d4630a93-e8d9-4754-9007-2bb4b382f1c0,1b2040ac-5cca-40e7-8ef4-02ddcc3ac175,ba358b7b-355f-4942-b1c5-222a5b8efef0,The items in my bundle do not match the description.,"Unfortunately, we will not be able to refund this bundle. We are able to confirm that this bundle did match the description.",DENIED
69f258aa-577f-489c-915c-44bd6c18b64b,dd3444d1-5ac0-4dc0-afb2-64f9c2ae2a0d,c3d3af36-d366-482c-944f-ee9d88205a02,The items in my bundle do not match the description.,"Unfortunately, we will not be able to refund this bundle. We are able to confirm that this bundle did match the description.",DENIED
f6e22c6c-a14a-47b9-83f1-fbef2f3da92b,0df61ba6-a8f3-4cb6-99a6-926a8bb572c3,56950fba-9693-4032-a977-f931c78ac77d,I arrived during the pickup window but the shop was already closed.,"Unfortunately, we will not be able to refund this bundle. We did not close early on this date.",DENIED
44be0844-cd46-4ead-b902-70d1f50e5037,e1022f0e-5ff6-4fa5-891e-9196113c4ede,1a81370b-d2b9-4cb1-badc-6b7a4612a69a,I was spoken to rudely by a member of staff when collecting the bundle.,"Unfortunately, we will not be able to refund this bundle. We have spoken to the staff member you interacted with and they claim to not have been rude.",DENIED
d9f7f062-7fa4-4d81-bef1-0dfd0269c814,3ee41da3-6dfe-4026-a1f2-05cee56f0964,ba358b7b-355f-4942-b1c5-222a5b8efef0,I was spoken to rudely by a member of staff when collecting the bundle.,"Unfortunately, we will not be able to refund this bundle. We have spoken to the staff member you interacted with and they claim to not have been rude.",DENIED
7529c6be-cb44-469d-8c9d-55d1e0adfa2f,b60c9fd4-63f0-4fcc-a877-f34557fa3525,c3d3af36-d366-482c-944f-ee9d88205a02,One of the items was already spoiled when I got home.,"Unfortunately, we will not be able to refund this bundle. All produce placed into this bundle was quality and date checked by a member of our team.",DENIED
266e1e27-cf98-448f-a429-e1c3a06310a3,af478535-d2d3-43e5-b1bf-c724581a2c69,22c4d814-1516-45f9-9354-3640c8e65f07,I collected my bundle but there were missing items.,We apologise for this. This is not acceptable. We will refund you for this bundle.,APPROVED
62c459c8-3bc0-4cb8-a5f3-aacb00683331,3e6ce8d1-8e31-4ffc-9dac-510db600cfc6,fa4c555e-72f6-4d8c-8ab2-8b9f2a592993,The items in my bundle do not match the description.,We apologise for this issue. We incorrectly labelled this bundle. We will refund you for this bundle.,APPROVED
a13ea2d4-692c-4108-b09b-6465e590506d,6595ba98-e673-457a-8478-990d05a5b4cd,4d70cd26-6337-45aa-8a8e-6ee2a45c9267,I collected my bundle but there were missing items.,"Unfortunately, we will not be able to refund this bundle. We know that all items were placed inside this bundle",DENIED
62f43e6c-d484-44da-b025-594b87861126,563b2b2e-4b7e-4926-9e20-6dccf80c0e01,953b29b3-d8c6-42da-a4ea-fa6732d705a5,One of the items was already spoiled when I got home.,This is unacceptable. We are deeply sorry for this. We will refund you for this bundle.,APPROVED
de0eaac0-4a85-483c-8cee-564a93322c5b,4c37cf81-2822-43e6-a5ba-f57e80f51d74,1a07fa2b-b9e1-44cc-938c-88534eacef52,I arrived during the pickup window but the shop was already closed.,"Unfortunately, we will not be able to refund this bundle. We did not close early on this date.",DENIED
5ece217b-829d-42cb-9730-d47e741f9aff,8a04a5aa-f6e9-49ff-903f-eeadd16ada34,ba358b7b-355f-4942-b1c5-222a5b8efef0,One of the items was already spoiled when I got home.,This is unacceptable. We are deeply sorry for this. We will refund you for this bundle.,APPROVED
d6aa9c5a-8342-4621-8e69-96ef5978371e,67cb17a6-ce1d-4095-af9c-d7cd2fe6ad1f,80c0fe78-5e8d-4a07-a571-11013f3dac9c,I was spoken to rudely by a member of staff when collecting the bundle.,"Unfortunately, we will not be able to refund this bundle. We have spoken to the staff member you interacted with and they claim to not have been rude.",DENIED
f008006b-0a9f-4543-b9f4-5dd05c0723df,e77d8311-c80d-4781-9c97-ea77b853be1e,dfc9a97b-0ac4-43cf-9169-040389892f81,The items in my bundle do not match the description.,"Unfortunately, we will not be able to refund this bundle. We are able to confirm that this bundle did match the description.",DENIED
63c718bf-b7c9-42af-aae3-e4fcb382d233,25ff4c99-fe88-46d9-ab95-9caa4e75a8b9,517f0db2-bb8d-4b33-a1d5-ca8ada4dc130,I arrived during the pickup window but the shop was already closed.,We apologise for this issue. We had to close early due to an issue. We will refund you for this bundle.,APPROVED
ab6a8883-6b71-4784-bc3d-8b937cb71c1b,81ecd8af-fca5-43e3-aa9b-5eff1107d4b5,517f0db2-bb8d-4b33-a1d5-ca8ada4dc130,One of the items was already spoiled when I got home.,"Unfortunately, we will not be able to refund this bundle. All produce placed into this bundle was quality and date checked by a member of our team.",DENIED
eeff1021-0437-41ed-8ac6-5fa83012afb9,94351271-50e2-46bc-b065-596bb70b5d40,412bf86d-6c5e-40b4-94ac-403cc110a119,The items in my bundle do not match the description.,"Unfortunately, we will not be able to refund this bundle. We are able to confirm that this bundle did match the description.",DENIED
381ff1d6-c54b-4f97-acc8-001c7c8f6dbb,ce940456-9299-43af-b7dc-d3912347160c,046a72cd-ba93-439a-9d76-80adb8250be0,I was spoken to rudely by a member of staff when collecting the bundle.,"Unfortunately, we will not be able to refund this bundle. We have spoken to the staff member you interacted with and they claim to not have been rude.",DENIED
89349f5e-81e6-4f3e-b5d8-d6858a8c786d,f5625f83-7768-4c45-9361-6144b1a2dd14,c3d3af36-d366-482c-944f-ee9d88205a02,One of the items was already spoiled when I got home.,"Unfortunately, we will not be able to refund this bundle. All produce placed into this bundle was quality and date checked by a member of our team.",DENIED
6b48aad2-a07d-47b8-8c6f-12557070cba6,f86ba3b1-2e91-4d30-b276-d93c964c2b69,2f2530fe-56a0-4069-b06d-83a578929129,I arrived during the pickup window but the shop was already closed.,"Unfortunately, we will not be able to refund this bundle. We did not close early on this date.",DENIED
06627f10-5645-4efc-a6dc-6a04bbe44ab7,d5782b96-af48-4613-bc8b-ba86b682dda4,ba358b7b-355f-4942-b1c5-222a5b8efef0,I arrived during the pickup window but the shop was already closed.,"Unfortunately, we will not be able to refund this bundle. We did not close early on this date.",DENIED
a9fcfdec-db0f-4c78-9e45-ce3760b6e5ef,30080118-9027-46cf-83f7-04da9babd2c4,3cdd20b4-f7cd-40a4-8004-f816ec230b1a,I was spoken to rudely by a member of staff when collecting the bundle.,"Unfortunately, we will not be able to refund this bundle. We have spoken to the staff member you interacted with and they claim to not have been rude.",DENIED
6e8f18a8-5c3b-4db1-83ae-ade60878e55d,40ede885-472a-4daf-b21d-146c033a686e,8da7113a-8d38-4500-bc1d-2280b1ae3ce2,I arrived during the pickup window but the shop was already closed.,"Unfortunately, we will not be able to refund this bundle. We did not close early on this date.",DENIED
ae18292c-7584-4e8e-ab34-e9e925772cf5,3f6e62e4-41d5-41a0-ab0a-52e4ab46e554,0085a9a8-b124-44e7-8cb3-141046bc183e,I arrived during the pickup window but the shop was already closed.,We apologise for this issue. We had to close early due to an issue. We will refund you for this bundle.,APPROVED
c6d17166-ef1e-4b97-95d0-9f53ce01ca97,cbc88c84-890d-41d4-9b5e-b9f7d1132e36,3cdd20b4-f7cd-40a4-8004-f816ec230b1a,I was spoken to rudely by a member of staff when collecting the bundle.,We are incredibly sorry for your experience. This is not the standard we expect from our staff. We will refund you for this bundle.,APPROVED
be18caf0-713d-4e79-89ff-9a73f169fdd8,da371c82-921c-4dd8-99d8-836fd98d059a,fa4c555e-72f6-4d8c-8ab2-8b9f2a592993,The items in my bundle do not match the description.,"Unfortunately, we will not be able to refund this bundle. We are able to confirm that this bundle did match the description.",DENIED
